n_qubits,depth,ansatz,seed,n_iterations,training_time_sec,final_loss,final_grad_norm,successful,loss_history,circuit_id
10,6,linear,42,200,52.24909840000146,0.20445199703737527,0.06492558160579391,False,"[0.41563943638886747, 0.41280861711042316, 0.4100088874247058, 0.4072410213868191, 0.40450569664799313, 0.4018035001168213, 0.39913493371757836, 0.3965004200988009, 0.393900308172807, 0.39133487839387227, 0.3888043477084679, 0.3863088741345465, 0.38384856094784936, 0.3814234604712391, 0.3790335774779963, 0.3766788722318314, 0.3743592631951631, 0.37207462944320924, 0.3698248128248948, 0.36760961991283286, 0.36542882378401864, 0.3632821656707557, 0.361169356518053, 0.3590900784796183, 0.35704398637993584, 0.3550307091650043, 0.3530498513593713, 0.3511009945423053, 0.349183698851446, 0.3472975045181854, 0.3454419334354266, 0.34361649075528605, 0.34182066651176984, 0.3400539372614685, 0.33831576773383626, 0.33660561248163534, 0.3349229175215756, 0.33326712195501346, 0.33163765955874147, 0.3300339603363417, 0.3284554520212345, 0.3269015615233829, 0.3253717163125665, 0.32386534573215586, 0.32238188223838316, 0.3209207625611815, 0.31948142878370434, 0.31806332933864534, 0.31666591992042425, 0.31528866431317887, 0.31393103513528703, 0.3125925145018537, 0.3112725946072116, 0.3099707782300064, 0.30868657916388526, 0.30741952257715316, 0.3061691453050548, 0.3049349960785321, 0.3037166356934614, 0.3025136371244422, 0.30132558558725575, 0.3001520785540732, 0.2989927257254584, 0.2978471489630997, 0.2967149821871037, 0.29559587124152675, 0.29448947373167794, 0.2933954588365357, 0.29231350709945897, 0.29124331020016286, 0.2901845707107574, 0.2891370018384416, 0.2881003271572586, 0.2870742803311312, 0.28605860483021417, 0.285053053642416, 0.2840573889817834, 0.2830713819952683, 0.28209481246925355, 0.2811274685370553, 0.2801691463884962, 0.2792196499825025, 0.27827879076356654, 0.2773463873828026, 0.27642226542421955, 0.27550625713673954, 0.2745982011724079, 0.273697942331155, 0.2728053313124009, 0.2719202244737294, 0.2710424835967955, 0.2701719756605795, 0.26930857262205044, 0.2684521512042626, 0.2676025926918705, 0.26675978273400597, 0.2659236111544528, 0.26509397176899874, 0.2642707622098561, 0.2634538837569965, 0.2626432411762455, 0.2618387425639669, 0.2610402991981497, 0.2602478253957142, 0.259461238375836, 0.2586804581290908, 0.25790540729221256, 0.25713601102826783, 0.2563721969120337, 0.2556138948203824, 0.2548610368274643, 0.2541135571045007, 0.25337139182398183, 0.25263447906808445, 0.2519027587411241, 0.25117617248585944, 0.2504546636034723, 0.24973817697706174, 0.24902665899847815, 0.24832005749835306, 0.24761832167916348, 0.24692140205119473, 0.24622925037126103, 0.24554181958405322, 0.24485906376598798, 0.24418093807144398, 0.24350739868126708, 0.2428384027534448, 0.2421739083758399, 0.2415138745209014, 0.2408582610022496, 0.24020702843306102, 0.23956013818616934, 0.2389175523558081, 0.2382792337209263, 0.23764514571001025, 0.23701525236734997, 0.2363895183206957, 0.23576790875024237, 0.23515038935890345, 0.2345369263438135, 0.23392748636902722, 0.23332203653936348, 0.23272054437536221, 0.2321229777893136, 0.23152930506232647, 0.23093949482240372, 0.2303535160234937, 0.2297713379254897, 0.22919293007514746, 0.2286182622878988, 0.22804730463053352, 0.2274800274047292, 0.22691640113139983, 0.2263563965358534, 0.22579998453372263, 0.22524713621766432, 0.22469782284479423, 0.2241520158248474, 0.22360968670904371, 0.22307080717963568, 0.22253534904012887, 0.22200328420615012, 0.22147458469695108, 0.22094922262752897, 0.22042717020134334, 0.2199083997036225, 0.2193928834952298, 0.21888059400708496, 0.2183715037351158, 0.21786558523572858, 0.2173628111217782, 0.21686315405902445, 0.2163665867630542, 0.21587308199665683, 0.21538261256763597, 0.21489515132703868, 0.2144106711677897, 0.21392914502371294, 0.21345054586892323, 0.212974846717573, 0.2125020206239411, 0.21203204068284234, 0.21156488003034638, 0.2111005118447887, 0.21063890934805904, 0.21018004580715233, 0.20972389453596402, 0.20927042889732062, 0.20881962230522425, 0.2083714482273029, 0.20792588018744712, 0.20748289176862128, 0.2070424566158366, 0.2066045484392724, 0.2061691410175273, 0.2057362082009956, 0.20530572391535115, 0.2048776621651261, 0.20445199703737527]",C0321
10,6,linear,43,200,55.781962699998985,0.1625982052680916,0.06953436280607916,False,"[0.3502849606875106, 0.3482110851512078, 0.3461552592842559, 0.3441173913318908, 0.34209739900582636, 0.34009520991231323, 0.3381107617864182, 0.33614400253956955, 0.3341948901294702, 0.3322633922633183, 0.33034948594688013, 0.32845315689330246, 0.3265743988066473, 0.32471321255595686, 0.32286960525622865, 0.3210435892729869, 0.3192351811671998, 0.3174444005971216, 0.31567126919324184, 0.3139158094219306, 0.31217804345258937, 0.3104579920421887, 0.3087556734499971, 0.3070711023941352, 0.30540428906032363, 0.3037552381718752, 0.30212394812862836, 0.30051041022115715, 0.2989146079252361, 0.2973365162802251, 0.29577610135376287, 0.2942333197939565, 0.29270811846912614, 0.2912004341941294, 0.28971019354134764, 0.28823731273358566, 0.2867816976154, 0.28534324369876, 0.2839218362784233, 0.2825173506120032, 0.28112965215940006, 0.2797585968760466, 0.27840403155430715, 0.27706579420731337, 0.27574371448956353, 0.27443761414869916, 0.27314730750303495, 0.2718726019396142, 0.2706132984278116, 0.26936919204377757, 0.2681400725013215, 0.26692572468515613, 0.2657259291827506, 0.26454046281138643, 0.2633690991373487, 0.26221160898451945, 0.2610677609299795, 0.25993732178453305, 0.25882005705639, 0.2577157313965209, 0.25662410902448596, 0.2555449541337871, 0.2544780312760385, 0.25342310572346494, 0.25237994380944084, 0.25134831324696155, 0.2503279834251021, 0.2493187256836607, 0.24832031356631384, 0.2473325230527143, 0.2463551327700643, 0.24538792418477154, 0.24443068177485833, 0.24348319318385808, 0.24254524935696375, 0.24161664466022975, 0.24069717698365217, 0.23978664782896217, 0.2388848623829752, 0.23799162957733827, 0.2371067621355099, 0.2362300766077996, 0.23536139339526918, 0.23450053676329322, 0.23364733484553873, 0.23280161963910923, 0.23196322699156813, 0.23113199658052824, 0.23030777188646515, 0.22949040015938255, 0.2286797323799264, 0.22787562321551363, 0.2270779309720154, 0.22628651754149215, 0.22550124834646698, 0.22472199228117443, 0.22394862165020896, 0.22318101210496014, 0.2224190425782, 0.22166259521715864, 0.22091155531540344, 0.2201658112438079, 0.21942525438087981, 0.21868977904269182, 0.217959282412638, 0.2172336644712251, 0.21651282792608031, 0.2157966781423457, 0.21508512307361638, 0.21437807319355223, 0.21367544142829323, 0.21297714308978258, 0.2122830958100947, 0.2115932194768587, 0.21090743616984114, 0.210225670098762, 0.20954784754238864, 0.2088738967889623, 0.2082037480779849, 0.2075373335434036, 0.20687458715821197, 0.20621544468048522, 0.20555984360085972, 0.20490772309146235, 0.20425902395629336, 0.20361368858305182, 0.20297166089640323, 0.20233288631267543, 0.20169731169596528, 0.20106488531564395, 0.2004355568052369, 0.1998092771226572, 0.19918599851177032, 0.1985656744652598, 0.19794825968877183, 0.1973337100663052, 0.19672198262681892, 0.19611303551202833, 0.1955068279453545, 0.19490332020199733, 0.1943024735801015, 0.19370425037297714, 0.19310861384234929, 0.19251552819259707, 0.19192495854595265, 0.19133687091862941, 0.1907512321978398, 0.19016801011967896, 0.1895871732478372, 0.18900869095310951, 0.18843253339367527, 0.18785867149611396, 0.18728707693712715, 0.18671772212594198, 0.18615058018736075, 0.18558562494543346, 0.18502283090772687, 0.18446217325015735, 0.18390362780237074, 0.18334717103363493, 0.18279278003922889, 0.18224043252729805, 0.18169010680615919, 0.18114178177202678, 0.1805954368971449, 0.18005105221830048, 0.1795086083257004, 0.1789680863521913, 0.17842946796280554, 0.17789273534461578, 0.17735787119687937, 0.17682485872145687, 0.17629368161349332, 0.1757643240523398, 0.17523677069270754, 0.17471100665603886, 0.1741870175220798, 0.17366478932064622, 0.17314430852356963, 0.17262556203680915, 0.17210853719272307, 0.1715932217424885, 0.17107960384865845, 0.17056767207784684, 0.1700574153935361, 0.16954882314899727, 0.16904188508031165, 0.1685365912994944, 0.16803293228770538, 0.16753089888854616, 0.16703048230143536, 0.16653167407505604, 0.1660344661008707, 0.1655388506066999, 0.16504482015035765, 0.16455236761334166, 0.164061486194572, 0.163572169404178, 0.1630844110573268, 0.1625982052680916]",C0322
10,6,linear,44,200,54.251383499999065,0.16536915908938918,0.06207397919862797,False,"[0.3413864208182125, 0.3388421041947006, 0.3363615625055012, 0.33394277605616873, 0.33158372043879314, 0.32928237854035636, 0.3270367508996054, 0.3248448645305177, 0.32270478033613326, 0.3206145992385981, 0.31857246715042564, 0.3165765789088064, 0.31462518128983785, 0.3127165752132874, 0.3108491172413333, 0.3090212204670035, 0.3072313548800346, 0.30547804728982236, 0.3037598808772196, 0.3020754944392908, 0.3004235813838597, 0.2988028885238502, 0.2972122147150839, 0.29565040937535436, 0.29411637091729637, 0.29260904512276226, 0.2911274234821212, 0.28967054151807253, 0.2882374771101857, 0.2868273488334262, 0.2854393143213416, 0.28407256866236474, 0.2827263428357757, 0.28139990219223754, 0.28009254498245106, 0.2788036009363203, 0.27753242989406024, 0.27627842048990975, 0.27504098888845396, 0.2738195775730706, 0.2726136541856018, 0.27142271041604704, 0.2702462609408421, 0.2690838424081175, 0.2679350124682184, 0.26679934884769474, 0.26567644846493604, 0.2645659265856146, 0.2634674160161192, 0.2623805663331896, 0.2613050431480056, 0.26024052740304277, 0.2591867147000631, 0.2581433146576724, 0.25711005029695133, 0.25608665745372494, 0.2550728842161109, 0.2540684903860544, 0.253073246963617, 0.2520869356528638, 0.25110934838823806, 0.2501402868803912, 0.24917956218047999, 0.24822699426200145, 0.24728241161929612, 0.24634565088188562, 0.24541655644387741, 0.24449498010769824, 0.2435807807414732, 0.24267382394940568, 0.24177398175455317, 0.24088113229342928, 0.23999515952190692, 0.2391159529319256, 0.23824340727853738, 0.23737742231686507, 0.2365179025485698, 0.23566475697745695, 0.2348178988738697, 0.23397724554755966, 0.23314271812872667, 0.23231424135696152, 0.23149174337783673, 0.23067515554690635, 0.22986441224090623, 0.22905945067595063, 0.22826021073253894, 0.22746663478720852, 0.22667866755066712, 0.22589625591226353, 0.2251193487906577, 0.22434789699055732, 0.2235818530654043, 0.2228211711858948, 0.22206580701421968, 0.2213157175839207, 0.22057086118526184, 0.21983119725601222, 0.2190966862775424, 0.21836728967613633, 0.21764296972942007, 0.21692368947780957, 0.216209412640876, 0.2155001035385296, 0.21479572701691807, 0.21409624837893282, 0.21340163331921974, 0.21271184786357802, 0.2120268583126415, 0.21134663118972155, 0.2106711331926935, 0.21000033114981162, 0.20933419197931885, 0.208672682652736, 0.20801577016169487, 0.20736342148818648, 0.20671560357809624, 0.20607228331788505, 0.20543342751429075, 0.2047990028769029, 0.20416897600348713, 0.2035433133679107, 0.20292198131054082, 0.2023049460309759, 0.20169217358297323, 0.20108362987144562, 0.2004792806513827, 0.19987909152857677, 0.19928302796201838, 0.1986910552678361, 0.1981031386246562, 0.19751924308026259, 0.19693933355943752, 0.19636337487286792, 0.195791331727011, 0.19522316873480247, 0.1946588504271169, 0.19409834126486797, 0.1935416056516635, 0.19298860794691974, 0.19243931247934895, 0.1918936835607397, 0.19135168549994985, 0.19081328261704392, 0.19027843925750054, 0.18974711980642883, 0.1892192887027336, 0.1886949104531754, 0.1881739496462708, 0.18765637096598753, 0.18714213920519504, 0.18663121927882445, 0.18612357623670933, 0.18561917527607358, 0.18511798175363764, 0.18461996119732105, 0.18412507931751815, 0.18363330201793243, 0.1831445954059511, 0.18265892580255097, 0.1821762597517252, 0.18169656402942433, 0.18121980565200896, 0.18074595188421017, 0.180274970246598, 0.17980682852256274, 0.1793414947648093, 0.17887893730137183, 0.1784191247411572, 0.17796202597902205, 0.17750761020039454, 0.17705584688545478, 0.17660670581287843, 0.17616015706316182, 0.17571617102154002, 0.17527471838050998, 0.17483577014197377, 0.17439929761901757, 0.1739652724373412, 0.17353366653635022, 0.17310445216992942, 0.17267760190691347, 0.17225308863126498, 0.17183088554198137, 0.1714109661527405, 0.17099330429130494, 0.17057787409869637, 0.17016465002815218, 0.16975360684388716, 0.16934471961966308, 0.16893796373718944, 0.16853331488435996, 0.16813074905334435, 0.16773024253854502, 0.16733177193442744, 0.16693531413324111, 0.16654084632263738, 0.1661483459831979, 0.16575779088587922, 0.16536915908938918]",C0323
10,6,linear,45,200,57.095047500000874,0.08282583884355797,0.04571299219951909,False,"[0.14982131528720483, 0.14907405821236927, 0.1483438128119013, 0.14762995161332543, 0.14693186329773428, 0.14624895316277436, 0.14558064346584548, 0.14492637365895647, 0.1442856005261131, 0.143657798233499, 0.14304245830208479, 0.14243908951166473, 0.1418472177446874, 0.14126638577761869, 0.14069615302697386, 0.14013609525655785, 0.1395858042518952, 0.13904488746729177, 0.13851296765045704, 0.13798968244914428, 0.13747468400380725, 0.13696763852986144, 0.13646822589274193, 0.13597613917859522, 0.135491084263106, 0.13501277938065942, 0.1345409546957564, 0.13407535187834865, 0.13361572368452698, 0.1331618335437869, 0.13271345515390678, 0.1322703720843036, 0.13183237738857684, 0.1313992732268153, 0.13097087049811973, 0.1305469884836834, 0.13012745450068042, 0.1297121035671223, 0.12930077807777338, 0.12889332749114651, 0.12848960802754789, 0.12808948237808737, 0.12769281942453106, 0.12729949396983625, 0.12690938647918043, 0.1265223828312661, 0.12613837407966863, 0.1257572562239738, 0.1253789299904389, 0.1250033006219008, 0.12463027767664929, 0.1242597748359763, 0.12389170972010835, 0.12352600371223246, 0.12316258179032072, 0.12280137236646553, 0.12244230713343596, 0.12208532091817463, 0.12173035154195495, 0.12137733968692625, 0.12102622876878022, 0.1206769648152799, 0.12032949635039561, 0.11998377428380398, 0.11963975180551187, 0.11929738428537298, 0.11895662917727608, 0.1186174459277878, 0.11827979588904525, 0.11794364223569567, 0.11760894988569418, 0.11727568542477278, 0.11694381703440566, 0.11661331442310038, 0.11628414876085162, 0.11595629261660415, 0.11562971989857425, 0.1153044057972887, 0.1149803267312064, 0.11465746029479099, 0.11433578520891374, 0.11401528127346836, 0.1136959293220837, 0.11337771117883211, 0.11306060961682873, 0.11274460831862647, 0.11242969183831648, 0.11211584556524498, 0.11180305568926734, 0.11149130916745761, 0.11118059369220243, 0.11087089766060831, 0.11056221014515488, 0.11025452086553286, 0.10994782016160584, 0.10964209896744126, 0.10933734878635407, 0.10903356166691965, 0.10873073017989814, 0.10842884739603713, 0.10812790686470024, 0.10782790259328826, 0.10752882902741241, 0.10723068103178487, 0.10693345387179251, 0.106637143195724, 0.1063417450176177, 0.1060472557007062, 0.10575367194142697, 0.10546099075397745, 0.10516920945539043, 0.10487832565110584, 0.10458833722102197, 0.10429924230600292, 0.1040110392948252, 0.10372372681154862, 0.10343730370329025, 0.10315176902839114, 0.10286712204495833, 0.10258336219976905, 0.10230048911752547, 0.1020185025904464, 0.10173740256818564, 0.10145718914806612, 0.10117786256561816, 0.10089942318541542, 0.1006218714921951, 0.10034520808225864, 0.10006943365514065, 0.09979454900554079, 0.09952055501551046, 0.09924745264688675, 0.09897524293396917, 0.09870392697642902, 0.09843350593245036, 0.0981639810120919, 0.09789535347086788, 0.09762762460354074, 0.09736079573812104, 0.09709486823007099, 0.09682984345670391, 0.09656572281177773, 0.09630250770027862, 0.09604019953338709, 0.09577879972362621, 0.09551830968018629, 0.09525873080442183, 0.09500006448551788, 0.0947423120963217, 0.09448547498933649, 0.09422955449287324, 0.09397455190735807, 0.09372046850179036, 0.09346730551035067, 0.09321506412915229, 0.09296374551313628, 0.09271335077310558, 0.09246388097289353, 0.09221533712666745, 0.09196772019636147, 0.09172103108923643, 0.09147527065556507, 0.09123043968643721, 0.09098653891168632, 0.09074356899792992, 0.09050153054672457, 0.09026042409283172, 0.09002025010259147, 0.08978100897240214, 0.08954270102730293, 0.08930532651965722, 0.08906888562793361, 0.08883337845558342, 0.08859880503001011, 0.08836516530163145, 0.08813245914302822, 0.08790068634817982, 0.0876698466317848, 0.0874399396286613, 0.08721096489322752, 0.08698292189906044, 0.08675581003852711, 0.08652962862249156, 0.08630437688009052, 0.08608005395857835, 0.0858566589232392, 0.08563419075736241, 0.08541264836228257, 0.08519203055747748, 0.08497233608072777, 0.08475356358833136, 0.08453571165537319, 0.08431877877604935, 0.08410276336404042, 0.08388766375293652, 0.08367347819670891, 0.0834602048702275, 0.08324784186982404, 0.08303638721389707, 0.08282583884355797]",C0324
10,6,linear,46,200,51.30005119999987,0.15831675027565567,0.08084900735031506,False,"[0.3641651920453717, 0.3618202688231544, 0.3595098260975969, 0.35723257084430926, 0.35498732128623517, 0.35277299762851183, 0.35058861339943737, 0.3484332673626357, 0.34630613596768345, 0.3442064663086294, 0.34213356956193663, 0.3400868148773527, 0.33806562369705545, 0.336069464480111, 0.33409784781079227, 0.3321503218706733, 0.3302264682556072, 0.3283258981197492, 0.3264482486296962, 0.324593179712607, 0.3227603710828425, 0.32094951953225614, 0.3191603364697719, 0.31739254569632785, 0.3156458814016678, 0.31392008636980573, 0.31221491038034166, 0.3105301087931025, 0.30886544130391225, 0.30722067085959587, 0.30559556272064897, 0.30398988366033325, 0.3024034012893043, 0.30083588349524787, 0.2992870979873731, 0.2977568119360215, 0.29624479169805973, 0.29475080261916253, 0.2932746089045362, 0.29181597355009076, 0.290374658326535, 0.2889504238093411, 0.28754302944799776, 0.28615223366843795, 0.2847777940030086, 0.2834194672427909, 0.2820770096075481, 0.2807501769290073, 0.2794387248436063, 0.27814240899124587, 0.2768609852169757, 0.27559420977291105, 0.2743418395180287, 0.27310363211381267, 0.2718793462140343, 0.27066874164722543, 0.2694715795906704, 0.26828762273498225, 0.2671166354385409, 0.2659583838712773, 0.2648126361474544, 0.26367916244725953, 0.2625577351271618, 0.2614481288191039, 0.26035012051871154, 0.25926348966278534, 0.25818801819642, 0.2571234906301575, 0.2560696940876305, 0.2550264183441927, 0.2539934558570608, 0.2529706017875134, 0.25195765401570996, 0.25095441314868816, 0.2499606825221105, 0.24897626819631163, 0.24800097894719944, 0.24703462625254255, 0.24607702427415643, 0.24512798983649095, 0.24418734240208506, 0.24325490404434397, 0.2423304994180618, 0.24141395572808833, 0.24050510269651, 0.239603772528696, 0.23870979987852325, 0.2378230218130783, 0.2369432777771007, 0.23607040955741293, 0.23520426124755583, 0.2343446792128241, 0.23349151205587731, 0.23264461058307978, 0.231803827771699, 0.23096901873808387, 0.23014004070691252, 0.22931675298159582, 0.22849901691589855, 0.22768669588683207, 0.22687965526885936, 0.22607776240942973, 0.22528088660587495, 0.22448889908365768, 0.22370167297598095, 0.2229190833047426, 0.22214100696282163, 0.221367322697668, 0.2205979110961736, 0.21983265457078455, 0.21907143734682494, 0.2183141454509819, 0.21756066670091528, 0.21681089069594464, 0.2160647088087629, 0.21532201417813007, 0.2145827017024926, 0.21384666803448282, 0.21311381157624112, 0.21238403247551077, 0.211657232622455, 0.21093331564714196, 0.21021218691764681, 0.20949375353872163, 0.20877792435098338, 0.20806460993056625, 0.2073537225891951, 0.20664517637463015, 0.20593888707143618, 0.20523477220203365, 0.20453275102798188, 0.20383274455145556, 0.20313467551687361, 0.2024384684126322, 0.20174404947290941, 0.2010513466794992, 0.20036028976363443, 0.1996708102077675, 0.1989828412472665, 0.19829631787199598, 0.19761117682774612, 0.19692735661747543, 0.19624479750233986, 0.19556344150246843, 0.19488323239746302, 0.1942041157265838, 0.1935260387885973, 0.19284895064125465, 0.19217280210037305, 0.19149754573849134, 0.19082313588307756, 0.19014952861425444, 0.18947668176202498, 0.18880455490296796, 0.18813310935638206, 0.18746230817985346, 0.18679211616422325, 0.18612249982793574, 0.18545342741074167, 0.1847848688667371, 0.1841167958567212, 0.18344918173984726, 0.1827820015645534, 0.1821152320587522, 0.18144885161926663, 0.18078284030049083, 0.18011717980226444, 0.1794518534569461, 0.1787868462156737, 0.17812214463379786, 0.17745773685548033, 0.17679361259744722, 0.17612976313188805, 0.17546618126849822, 0.1748028613356533, 0.17413979916071592, 0.1734769920494739, 0.1728144387647063, 0.1721521395038767, 0.1714900958759642, 0.170828310877427, 0.17016678886731137, 0.16950553554151107, 0.16884455790618957, 0.1681838642503717, 0.1675234641177244, 0.1668633682775383, 0.16620358869492913, 0.16554413850027688, 0.16488503195792556, 0.1642262844341666, 0.16356791236453033, 0.16290993322041236, 0.1622523654750681, 0.16159522856899847, 0.1609385428747671, 0.1602823296612806, 0.1596266110575669, 0.15897141001609227, 0.15831675027565567]",C0325
10,6,ring,42,200,52.11080239999865,0.290997591030948,0.05188941450733181,False,"[0.3883800243205777, 0.38770657699725836, 0.38703367126915145, 0.38636134084734064, 0.3856896194162116, 0.38501854061836804, 0.3843481380397704, 0.38367844519511, 0.3830094955134272, 0.3823413223239839, 0.38167395884239663, 0.3810074381570423, 0.3803417932157376, 0.37967705681270475, 0.3790132615758241, 0.3783504399541818, 0.37768862420591537, 0.377027846386363, 0.3763681383365166, 0.3757095316717881, 0.3750520577710834, 0.3743957477661941, 0.3737406325315041, 0.3730867426740152, 0.37243410852369263, 0.3717827601241325, 0.3711327272235506, 0.3704840392660973, 0.36983672538349655, 0.3691908143870092, 0.3685463347597263, 0.3679033146491878, 0.3672617818603313, 0.3666217638487687, 0.36598328771439503, 0.3653463801953255, 0.3647110676621669, 0.3640773761126196, 0.36344533116641153, 0.36281495806056774, 0.3621862816450106, 0.361559326378496, 0.3609341163248826, 0.360310675149734, 0.3596890261172544, 0.3590691920875584, 0.35845119551427007, 0.3578350584424542, 0.3572208025068758, 0.3566084489305865, 0.3559980185238352, 0.35538953168330023, 0.3547830083916398, 0.3541784682173566, 0.3535759303149711, 0.3529754134255012, 0.352376935877239, 0.35178051558682116, 0.3511861700605844, 0.3505939163962001, 0.35000377128457816, 0.3494157510120307, 0.34882987146268996, 0.3482461481211648, 0.3476645960754301, 0.34708523001993374, 0.3465080642589111, 0.3459331127098956, 0.3453603889074084, 0.3447899060068183, 0.34422167678835536, 0.34365571366126274, 0.3430920286680756, 0.34253063348900764, 0.34197153944643455, 0.34141475750945455, 0.3408602982985131, 0.3403081720900762, 0.3397583888213339, 0.33921095809492285, 0.33866588918364743, 0.3381231910351883, 0.3375828722767812, 0.33704494121985157, 0.3365094058645929, 0.33597627390447016, 0.3354455527306404, 0.3349172494362761, 0.33439137082077586, 0.3338679233938581, 0.333346913379519, 0.33282834671985284, 0.3323122290787191, 0.3317985658452529, 0.33128736213720994, 0.3307786228041391, 0.330272352430378, 0.3297685553378682, 0.3292672355887859, 0.3287683969879846, 0.32827204308525115, 0.32777817717737273, 0.32728680231001583, 0.32679792127942, 0.32631153663390616, 0.3258276506752079, 0.3253462654596239, 0.32486738279900235, 0.32439100426155887, 0.3239171311725394, 0.3234457646147293, 0.32297690542882546, 0.32251055421367153, 0.3220467113263704, 0.32158537688228644, 0.3211265507549391, 0.3206702325758092, 0.3202164217340615, 0.3197651173761985, 0.319316318405655, 0.31887002348234905, 0.3184262310221967, 0.31798493919660414, 0.31754614593195046, 0.31710984890907234, 0.31667604556276086, 0.31624473308128315, 0.3158159084059403, 0.3153895682306727, 0.3149657090017216, 0.314544326917361, 0.31412541792770315, 0.3137089777345961, 0.31329500179161396, 0.3128834853041511, 0.3124744232296318, 0.3120678102778357, 0.31166364091135035, 0.3112619093461583, 0.3108626095523568, 0.3104657352550243, 0.31007127993523115, 0.3096792368312004, 0.30928959893962094, 0.30890235901711693, 0.30851750958187285, 0.3081350429154155, 0.30775495106455647, 0.307377225843488, 0.30700185883604014, 0.30662884139809077, 0.30625816466013117, 0.3058898195299806, 0.30552379669565144, 0.3051600866283575, 0.3047986795856664, 0.30443956561478597, 0.3040827345559851, 0.3037281760461417, 0.30337587952241374, 0.303025834226026, 0.3026780292061695, 0.3023324533240046, 0.30198909525676504, 0.30164794350195245, 0.30130898638161924, 0.300972212046729, 0.3006376084815914, 0.3003051635083622, 0.2999748647916031, 0.29964669984289527, 0.2993206560254952, 0.2989967205590345, 0.29867488052424823, 0.2983551228677316, 0.29803743440671415, 0.2977218018338491, 0.2974082117220078, 0.2970966505290761, 0.2967871046027447, 0.29647956018529037, 0.2961740034183386, 0.2958704203476069, 0.29556879692761917, 0.29526911902639064, 0.29497137243007443, 0.294675542847569, 0.29438161591507905, 0.2940895772006293, 0.2937994122085238, 0.29351110638374994, 0.29322464511632185, 0.2929400137455639, 0.2926571975643251, 0.2923761818231286, 0.29209695173424965, 0.2918194924757206, 0.2915437891952629, 0.2912698270141426, 0.290997591030948]",C0326
10,6,ring,43,200,52.077012300000206,0.22622138110412124,0.051339731726850246,False,"[0.309624544791881, 0.30906507790758236, 0.30850725268499646, 0.3079510487125844, 0.3073964452572611, 0.3068434213221295, 0.30629195570370893, 0.30574202704853815, 0.3051936139090373, 0.30464669479851897, 0.30410124824524204, 0.3035572528454082, 0.3030146873150034, 0.3024735305403958, 0.3019337616276003, 0.3013953599501323, 0.30085830519537365, 0.3003225774093796, 0.29978815704006145, 0.2992550249786866, 0.29872316259963816, 0.2981925517983868, 0.29766317502762846, 0.2971350153315496, 0.29660805637818444, 0.29608228248983504, 0.2955576786715296, 0.2950342306374981, 0.29451192483565275, 0.29399074847005846, 0.2934706895213909, 0.2929517367653791, 0.29243387978923463, 0.29191710900607587, 0.29140141566735633, 0.2908867918733125, 0.2903732305814518, 0.28986072561309806, 0.2893492716580273, 0.28883886427721545, 0.2883294999037367, 0.28782117584184436, 0.2873138902642734, 0.2868076422078079, 0.2863024315671544, 0.28579825908716944, 0.28529512635349086, 0.28479303578162024, 0.2842919906045148, 0.2837919948587392, 0.28329305336923594, 0.28279517173277224, 0.2822983563001235, 0.28180261415705277, 0.2813079531041503, 0.2808143816355944, 0.2803219089168981, 0.279830544761706, 0.279340299607707, 0.27885118449172547, 0.2783632110240598, 0.27787639136213216, 0.27739073818351495, 0.27690626465839746, 0.276422984421563, 0.27594091154393474, 0.2754600605037576, 0.2749804461574791, 0.27450208371038964, 0.2740249886870859, 0.27354917690181624, 0.273074664428767, 0.27260146757234854, 0.2721296028375365, 0.2716590869003239, 0.2711899365783379, 0.2707221688016714, 0.27025580058398213, 0.2697908489939055, 0.26932733112682866, 0.26886526407707195, 0.2684046649105162, 0.2679455506377233, 0.26748793818758115, 0.26703184438151845, 0.26657728590831475, 0.26612427929954646, 0.2656728409056947, 0.26522298687294416, 0.2647747331207009, 0.26432809531985113, 0.2638830888717848, 0.26343972888820244, 0.26299803017172346, 0.2625580071973138, 0.2621196740945432, 0.26168304463068554, 0.261248132194673, 0.26081494978190967, 0.2603835099799522, 0.2599538249550605, 0.25952590643962103, 0.25909976572044335, 0.2586754136279282, 0.25825286052610397, 0.25783211630352787, 0.25741319036504523, 0.2569960916243986, 0.25658082849767905, 0.25616740889760853, 0.2557558402286414, 0.2553461293828729, 0.2549382827367409, 0.25453230614850375, 0.2541282049564817, 0.25372598397804025, 0.25332564750930303, 0.2529271993255708, 0.2525306426824281, 0.2521359803175198, 0.2517432144529754, 0.2513523467984566, 0.2509633785548139, 0.2505763104183215, 0.2501911425854736, 0.24980787475831842, 0.24942650615030387, 0.24904703549261736, 0.2486694610409887, 0.24829378058294033, 0.24791999144545634, 0.24754809050304866, 0.24717807418619747, 0.2468099384901412, 0.24644367898399605, 0.2460792908201757, 0.24571676874409926, 0.24535610710415337, 0.24499729986189486, 0.24464034060246878, 0.24428522254522173, 0.2439319385544882, 0.24358048115053088, 0.24323084252061516, 0.24288301453019626, 0.24253698873420326, 0.24219275638839796, 0.2418503084607932, 0.241509635643113, 0.24117072836227565, 0.2408335767918858, 0.2404981708637194, 0.24016450027918407, 0.23983255452074476, 0.23950232286329465, 0.239173794385466, 0.2388469579808587, 0.23852180236918286, 0.2381983161072982, 0.23787648760014202, 0.23755630511153444, 0.23723775677485018, 0.2369208306035509, 0.23660551450156336, 0.23629179627350197, 0.23597966363472436, 0.23566910422121148, 0.23536010559927073, 0.2350526552750501, 0.2347467407038634, 0.23444234929931534, 0.23413946844222985, 0.23383808548936852, 0.23353818778194246, 0.23323976265391116, 0.2329427974400664, 0.2326472794838977, 0.23235319614524017, 0.23206053480769864, 0.23176928288585064, 0.2314794278322271, 0.23119095714406662, 0.23090385836984711, 0.23061811911559418, 0.2303337270509629, 0.23005066991509965, 0.22976893552228056, 0.22948851176732674, 0.22920938663080476, 0.22893154818400366, 0.22865498459370107, 0.2283796841267108, 0.2281056351542213, 0.22783282615592476, 0.2275612457239377, 0.22729088256651958, 0.2270217255115888, 0.2267537635100417, 0.22648698563887565, 0.22622138110412124]",C0327
10,6,ring,44,200,49.501010699999824,0.25755362124546616,0.05731628900839078,False,"[0.3576520800107889, 0.35705410752958994, 0.35645616820199005, 0.3558582563654524, 0.3552603669107622, 0.35466249529689897, 0.3540646375653284, 0.3534667903537019, 0.3528689509089556, 0.3522711170997972, 0.3516732874285674, 0.35107546104246923, 0.35047763774415025, 0.3498798180016286, 0.3492820029575496, 0.34868419443776505, 0.3480863949592194, 0.3474886077371369, 0.3468908366914935, 0.3462930864527678, 0.34569536236695575, 0.3450976704998443, 0.34450001764052895, 0.34390241130416904, 0.3433048597339716, 0.342707371902394, 0.34210995751155904, 0.3415126269928751, 0.34091539150585387, 0.34031826293612205, 0.33972125389262003, 0.33912437770398507, 0.33852764841411537, 0.3379310807769137, 0.33733469025020857, 0.33673849298885294, 0.3361425058370039, 0.3355467463195826, 0.3349512326329195, 0.33435598363459107, 0.33376101883245174, 0.3331663583728683, 0.33257202302816985, 0.3319780341833164, 0.3313844138218048, 0.3307911845108188, 0.3301983693856413, 0.3296059921333433, 0.3290140769757658, 0.3284226486518137, 0.32783173239908225, 0.3272413539348351, 0.32665153943635883, 0.32606231552071485, 0.32547370922391716, 0.32488574797955944, 0.32429845959691955, 0.32371187223857084, 0.32312601439752975, 0.32254091487396896, 0.3219566027515311, 0.3213731073732712, 0.3207904583172655, 0.32020868537191843, 0.31962781851100386, 0.3190478878684754, 0.3184689237130835, 0.3178909564228331, 0.3173140164593231, 0.31673813434200027, 0.3161633406223695, 0.3155896658581944, 0.315017140587729, 0.3144457953040165, 0.3138756604292917, 0.3133067662895287, 0.3127391430891643, 0.3121728208860404, 0.31160782956659594, 0.31104419882134815, 0.3104819581206949, 0.3099211366910741, 0.30936176349151273, 0.30880386719059844, 0.30824747614390385, 0.3076926183718963, 0.3071393215383594, 0.30658761292935777, 0.3060375194327695, 0.305489067518412, 0.30494228321878947, 0.3043971921104774, 0.30385381929617505, 0.3033121893874385, 0.3027723264881156, 0.3022342541785027, 0.3016979955002338, 0.3011635729419212, 0.3006310084255555, 0.30010032329368064, 0.2995715382973502, 0.29904467358487435, 0.2985197486913628, 0.2979967825290705, 0.29747579337854674, 0.29695679888059145, 0.29643981602901887, 0.29592486116422523, 0.29541194996756126, 0.2949010974565023, 0.29439231798061255, 0.2938856252182955, 0.2933810321743239, 0.2928785511781376, 0.29237819388290165, 0.29187997126531096, 0.29138389362612765, 0.2908899705914414, 0.29039821111463326, 0.2899086234790292, 0.289421215301227, 0.28893599353507826, 0.2884529644763062, 0.2879721337677424, 0.28749350640515986, 0.28701708674368465, 0.286542878504763, 0.2860708847836639, 0.2856011080574937, 0.2851335501937024, 0.28466821245905666, 0.2842050955290586, 0.283744199497786, 0.2832855238881312, 0.2828290676624149, 0.2823748292333518, 0.28192280647534285, 0.2814729967360757, 0.2810253968484005, 0.28058000314247, 0.2801368114581098, 0.2796958171574023, 0.2792570151374601, 0.27882039984336576, 0.27838596528125714, 0.27795370503153516, 0.27752361226217487, 0.2770956797421165, 0.27666989985471807, 0.276246264611249, 0.275824765664405, 0.2754053943218257, 0.2749881415595969, 0.2745729980357192, 0.2741599541035266, 0.273748999825037, 0.27334012498422144, 0.27293331910017266, 0.27252857144016235, 0.2721258710325714, 0.27172520667967726, 0.2713265669702919, 0.2709299402922293, 0.27053531484460114, 0.27014267864992136, 0.2697520195660145, 0.26936332529771506, 0.26897658340835284, 0.2685917813310126, 0.2682089063795611, 0.2678279457594366, 0.2674488865781917, 0.2670717158557864, 0.26669642053462417, 0.2663229874893273, 0.26595140353624813, 0.2655816554427109, 0.26521372993598513, 0.26484761371198207, 0.2644832934436806, 0.2641207557892721, 0.26375998740003065, 0.2634009749279068, 0.2630437050328404, 0.2626881643897997, 0.2623343396955425, 0.26198221767510443, 0.2616317850880131, 0.2612830287342318, 0.2609359354598356, 0.26059049216242236, 0.26024668579625965, 0.2599045033771755, 0.259563931987192, 0.2592249587789092, 0.2588875709796416, 0.25855175589531165, 0.2582175009141073, 0.25788479350990523, 0.25755362124546616]",C0328
10,6,ring,45,200,46.04388830000062,0.11756948119700106,0.038598865062938456,False,"[0.15975913446090698, 0.15947077913897817, 0.15918308444177623, 0.15889605801613063, 0.15860970738444685, 0.1583240399432524, 0.158039062961786, 0.15775478358063072, 0.1574712088103912, 0.15718834553041677, 0.15690620048757092, 0.15662478029504823, 0.15634409143123987, 0.15606414023864812, 0.1557849329228505, 0.15550647555151606, 0.15522877405347138, 0.15495183421782116, 0.15467566169312014, 0.1544002619865997, 0.15412564046344943, 0.15385180234615223, 0.15357875271387678, 0.15330649650192518, 0.15303503850123754, 0.15276438335795345, 0.1524945355730313, 0.15222549950192518, 0.15195727935431952, 0.15168987919392285, 0.15142330293831932, 0.1511575543588793, 0.15089263708072778, 0.15062855458277324, 0.15036531019779362, 0.15010290711258073, 0.1498413483681447, 0.14958063685997508, 0.14932077533836077, 0.14906176640876734, 0.14880361253227178, 0.14854631602605356, 0.14828987906394367, 0.1480343036770274, 0.14777959175430494, 0.14752574504340432, 0.14727276515134977, 0.14702065354538402, 0.1467694115538415, 0.1465190403670751, 0.1462695410384324, 0.14602091448528345, 0.1457731614900966, 0.14552628270156304, 0.14528027863576845, 0.1450351496774111, 0.1447908960810645, 0.14454751797248477, 0.14430501534996037, 0.14406338808570335, 0.14382263592728284, 0.14358275849909483, 0.14334375530387303, 0.1431056257242353, 0.14286836902426517, 0.14263198435112917, 0.1423964707367254, 0.14216182709936528, 0.14192805224548483, 0.14169514487138501, 0.1414631035650006, 0.14123192680769386, 0.14100161297607477, 0.14077216034384393, 0.14054356708365762, 0.14031583126901462, 0.14008895087616177, 0.13986292378601786, 0.13963774778611454, 0.13941342057255257, 0.13918993975197225, 0.13896730284353664, 0.13874550728092605, 0.13852455041434342, 0.13830442951252753, 0.13808514176477482, 0.13786668428296647, 0.13764905410360218, 0.13743224818983543, 0.13721626343351429, 0.13700109665722054, 0.13678674461631182, 0.13657320400096107, 0.13636047143819463, 0.13614854349392685, 0.1359374166749913, 0.13572708743116496, 0.135517552157188, 0.13530880719477495, 0.13510084883461776, 0.13489367331837937, 0.13468727684067738, 0.13448165555105568, 0.13427680555594523, 0.13407272292061062, 0.13386940367108285, 0.13366684379607865, 0.13346503924890282, 0.1332639859493354, 0.1330636797855011, 0.13286411661572167, 0.1326652922703497, 0.13246720255358344, 0.1322698432452614, 0.1320732101026376, 0.13187729886213537, 0.13168210524108032, 0.13148762493940977, 0.1312938536413626, 0.13110078701714337, 0.13090842072456443, 0.1307167504106646, 0.13052577171330276, 0.13033548026272698, 0.1301458716831196, 0.12995694159411608, 0.12976868561229854, 0.12958109935266426, 0.1293941784300666, 0.129207918460631, 0.1290223150631435, 0.12883736386041297, 0.12865306048060618, 0.1284694005585559, 0.12828637973704218, 0.12810399366804492, 0.127922238013971, 0.12774110844885236, 0.12756060065951685, 0.1273807103467325, 0.1272014332263225, 0.12702276503025348, 0.1268447015076966, 0.1266672384260601, 0.12649037157199497, 0.1263140967523723, 0.1261384097952346, 0.12596330655071858, 0.12578878289195072, 0.12561483471591675, 0.12544145794430292, 0.12526864852431113, 0.125096402429447, 0.12492471566028218, 0.12475358424518843, 0.124583004241048, 0.12441297173393569, 0.12424348283977722, 0.12407453370497976, 0.12390612050703942, 0.12373823945512145, 0.12357088679061765, 0.12340405878767721, 0.12323775175371435, 0.1230719620298916, 0.12290668599157914, 0.12274192004879018, 0.12257766064659428, 0.12241390426550551, 0.12225064742185046, 0.12208788666811174, 0.12192561859325042, 0.12176383982300656, 0.12160254702017777, 0.12144173688487717, 0.12128140615476998, 0.12112155160529037, 0.12096217004983663, 0.12080325833994802, 0.12064481336546129, 0.1204868320546479, 0.1203293113743327, 0.12017224832999371, 0.12001563996584412, 0.11985948336489585, 0.11970377564900607, 0.11954851397890628, 0.11939369555421478, 0.11923931761343201, 0.11908537743392031, 0.11893187233186822, 0.11877879966223799, 0.11862615681869951, 0.11847394123354797, 0.11832215037760833, 0.11817078176012477, 0.11801983292863724, 0.11786930146884311, 0.11771918500444782, 0.11756948119700106]",C0329
10,6,ring,46,200,21.085321399999884,0.2639296132818942,0.04643549220528104,False,"[0.3625135911851881, 0.36173433142274203, 0.36095619454508326, 0.3601792369286727, 0.3594035149765171, 0.3586290850818282, 0.3578560035913386, 0.3570843267683408, 0.3563141107555216, 0.3555454115376599, 0.3547782849042623, 0.3540127864122067, 0.35324897134846966, 0.3524868946930095, 0.3517266110818801, 0.3509681747706506, 0.35021163959820306, 0.3494570589509849, 0.34870448572778623, 0.3479539723051165, 0.347205570503254, 0.3464593315530305, 0.34571530606343115, 0.3449735439900646, 0.3442340946045766, 0.34349700646506454, 0.3427623273875528, 0.3420301044185888, 0.3413003838090086, 0.3405732109889252, 0.3398486305439858, 0.33912668619293984, 0.3384074207665574, 0.33769087618793214, 0.33697709345420024, 0.3362661126196982, 0.33555797278058686, 0.33485271206095113, 0.3341503676003921, 0.3334509755431189, 0.33275457102854006, 0.33206118818335356, 0.33137086011512945, 0.3306836189073715, 0.32999949561604236, 0.3293185202675314, 0.3286407218580397, 0.3279661283543519, 0.3272947666959631, 0.32662666279852026, 0.3259618415585403, 0.3253003268593568, 0.32464214157824933, 0.3239873075947044, 0.32333584579975205, 0.3226877761063255, 0.32204311746058245, 0.3214018878541289, 0.32076410433708447, 0.3201297830319259, 0.3194989391480421, 0.31887158699694196, 0.31824774000804423, 0.31762741074498646, 0.31701061092239025, 0.316397351423014, 0.3157876423152354, 0.3151814928707949, 0.3145789115827441, 0.3139799061835359, 0.31338448366320204, 0.3127926502875566, 0.3122044116163772, 0.3116197725215084, 0.31103873720484043, 0.31046130921611415, 0.3098874914705134, 0.3093172862659948, 0.30875069530032667, 0.3081877196877958, 0.3076283599755515, 0.30707261615955633, 0.3065204877001204, 0.3059719735369935, 0.30542707210399545, 0.30488578134316763, 0.3043480987184326, 0.30381402122874857, 0.3032835454207516, 0.30275666740087886, 0.30223338284697154, 0.3017136870193544, 0.30119757477139497, 0.30068504055954715, 0.30017607845288335, 0.2996706821421271, 0.2991688449481929, 0.29867055983024476, 0.29817581939329363, 0.29768461589533846, 0.29719694125407736, 0.29671278705319953, 0.29623214454828056, 0.2957550046722991, 0.2952813580407948, 0.2948111949566912, 0.29434450541480095, 0.2938812791060408, 0.2934215054213721, 0.29296517345549533, 0.29251227201031693, 0.29206278959821175, 0.29161671444510484, 0.29117403449339185, 0.29073473740472167, 0.2902988105626606, 0.2898662410752605, 0.28943701577754877, 0.2890111212339602, 0.28858854374073045, 0.288169269328267, 0.287753283763514, 0.2873405725523318, 0.28693112094189843, 0.2865249139231558, 0.28612193623330645, 0.2857221723583792, 0.285325606535872, 0.28493222275748087, 0.28454200477193026, 0.2841549360879065, 0.2837709999771064, 0.2833901794774065, 0.28301245739615755, 0.2826378163136102, 0.28226623858647654, 0.2818977063516279, 0.2815322015299335, 0.2811697058302408, 0.2808102007534976, 0.28045366759701634, 0.28010008745887893, 0.27974944124248136, 0.2794017096612186, 0.2790568732432988, 0.2787149123366942, 0.2783758071142172, 0.27803953757872063, 0.2777060835684158, 0.2773754247623062, 0.2770475406857266, 0.2767224107159868, 0.27640001408810944, 0.27608032990065856, 0.2757633371216518, 0.27544901459454674, 0.2751373410442992, 0.27482829508348045, 0.27452185521845246, 0.27421799985558915, 0.2739167073075373, 0.27361795579951226, 0.2733217234756176, 0.2730279884051843, 0.2727367285891198, 0.2724479219662619, 0.2721615464197308, 0.2718775797832665, 0.2715959998475551, 0.27131678436652706, 0.2710399110636281, 0.27076535763805226, 0.27049310177093205, 0.27022312113148195, 0.2699553933830856, 0.2696898961893244, 0.26942660721994016, 0.2691655041567283, 0.2689065646993555, 0.26864976657109696, 0.26839508752449237, 0.2681425053469083, 0.26789199786601536, 0.2676435429551625, 0.267397118538658, 0.2671527025969441, 0.2669102731716676, 0.26666980837064275, 0.2664312863727033, 0.2661946854324411, 0.26595998388482994, 0.2657271601497344, 0.2654961927362981, 0.26526706024721325, 0.2650397413828706, 0.26481421494538493, 0.2645904598425012, 0.26436845509137485, 0.26414817982223027, 0.2639296132818942]",C0330
10,8,linear,42,200,27.02541790000032,0.2274031284431516,0.05960140751813588,False,"[0.3769210274403309, 0.3755269388195539, 0.37413455821548014, 0.3727440279477255, 0.3713554996728573, 0.3699691341201193, 0.3685851007861902, 0.3672035775897056, 0.3658247504865838, 0.3644488130475371, 0.36307596599944514, 0.3617064167325825, 0.3603403787759653, 0.35897807124335124, 0.3576197182526695, 0.356265548321866, 0.35491579374434135, 0.35357068994731533, 0.35223047483657194, 0.3508953881311366, 0.3495656706914859, 0.3482415638449263, 0.34692330871175125, 0.34561114553575917, 0.3443053130226264, 0.3430060476895285, 0.3417135832292698, 0.34042814989201375, 0.33914997388752977, 0.33787927681066054, 0.33661627509248954, 0.3353611794794539, 0.3341141945423941, 0.3328755182172707, 0.3316453413790166, 0.33042384744972453, 0.32921121204210213, 0.32800760263886153, 0.32681317830845774, 0.325628089457334, 0.32445247761859636, 0.32328647527681265, 0.322130205728418, 0.3209837829770073, 0.31984731166261915, 0.3187208870239439, 0.3176045948922499, 0.3164985117156818, 0.3154027046124833, 0.31431723145159646, 0.31324214095901587, 0.31217747284821584, 0.31112325797292667, 0.31007951850050464, 0.30904626810413494, 0.30802351217209517, 0.30701124803233254, 0.3060094651906237, 0.3050181455806236, 0.3040372638241535, 0.30306678750013155, 0.30210667742060426, 0.30115688791240747, 0.3002173671030495, 0.2992880572094883, 0.29836889482854606, 0.2974598112277855, 0.29656073263575383, 0.2956715805305785, 0.2947922719259766, 0.29392271965382855, 0.29306283264253247, 0.29221251619044414, 0.2913716722337739, 0.29054019960838706, 0.2897179943050228, 0.28890494971751257, 0.2881009568836442, 0.287305904718371, 0.2865196802391311, 0.28574216878308284, 0.2849732542161255, 0.28421281913360147, 0.28346074505264, 0.2827169125961192, 0.2819812016682769, 0.2812534916220175, 0.28053366141800334, 0.2798215897756372, 0.2791171553160625, 0.27842023669734506, 0.2777307127419904, 0.2770484625569932, 0.2763733656466093, 0.2757053020180596, 0.27504415228038503, 0.27438979773667194, 0.27374212046987806, 0.2731010034224927, 0.27246633047026575, 0.27183798649023955, 0.2712158574233185, 0.2705998303316147, 0.2699897934507981, 0.2693856362376815, 0.2687872494132677, 0.2681945250014775, 0.2676073563637799, 0.2670256382299301, 0.2664492667250273, 0.2658781393930881, 0.26531215521733403, 0.2647512146373747, 0.26419521956347497, 0.26364407338807644, 0.2630976809947427, 0.26255594876469035, 0.26201878458106065, 0.26148609783108007, 0.2609577994062537, 0.26043380170072294, 0.2599140186079231, 0.25939836551565904, 0.2588867592997185, 0.25837911831613725, 0.2578753623922162, 0.2573754128163966, 0.256879192327086, 0.2563866251005273, 0.25589763673779153, 0.25541215425098046, 0.2549301060487132, 0.254451421920965, 0.2539760330233313, 0.25350387186077683, 0.2530348722709301, 0.25256896940697965, 0.25210609972022546, 0.251646200942332, 0.2511892120673311, 0.25073507333341777, 0.250283726204577, 0.24983511335208314, 0.24938917863590007, 0.24894586708602162, 0.24850512488377802, 0.24806689934313536, 0.24763113889202057, 0.2471977930536863, 0.24676681242814502, 0.2463381486736896, 0.24591175448851893, 0.24548758359248674, 0.24506559070898765, 0.24464573154699712, 0.24422796278327427, 0.24381224204474466, 0.24339852789106634, 0.24298677979739644, 0.24257695813736163, 0.24216902416623948, 0.24176294000436224, 0.24135866862074234, 0.24095617381692888, 0.24055542021110038, 0.24015637322238925, 0.23975899905545267, 0.23936326468528252, 0.23896913784225982, 0.23857658699745424, 0.23818558134817183, 0.2377960908037462, 0.23740808597157606, 0.23702153814340976, 0.23663641928187182, 0.23625270200723447, 0.23587035958442906, 0.2354893659102973, 0.23510969550108216, 0.23473132348014691, 0.2343542255659356, 0.23397837806015462, 0.23360375783618698, 0.23323034232772355, 0.2328581095176201, 0.2324870379269664, 0.23211710660437027, 0.2317482951154483, 0.2313805835325254, 0.23101395242453227, 0.23064838284710137, 0.23028385633285745, 0.22992035488189577, 0.22955786095244654, 0.22919635745172076, 0.22883582772693206, 0.228476255556492, 0.22811762514137449, 0.2277599210966455, 0.2274031284431516]",C0331
10,8,linear,43,200,27.01541090000137,0.1429303989570796,0.06325593522505432,False,"[0.3052852222222321, 0.3036300992219669, 0.3019931776448132, 0.30037420060707487, 0.2987729082865151, 0.2971890385473918, 0.29562232753127565, 0.29407251021406733, 0.29253932092976453, 0.29102249386164947, 0.28952176350166187, 0.2880368650788153, 0.28656753495757353, 0.28511351100716953, 0.2836745329428851, 0.2822503426403487, 0.280840684423927, 0.2794453053303026, 0.2780639553483343, 0.2766963876362991, 0.275342358717603, 0.2740016286560395, 0.27267396121165727, 0.27135912397827394, 0.27005688850365395, 0.26876703039333943, 0.26748932939908937, 0.2662235694928614, 0.26496953892722525, 0.26372703028307654, 0.2624958405054744, 0.26127577092839827, 0.2600666272891844, 0.25886821973336216, 0.2576803628105867, 0.25650287546231815, 0.2553355810018749, 0.2541783070874514, 0.25303088568865734, 0.25189315304711174, 0.2507649496315886, 0.2496461200881849, 0.24853651318595943, 0.24743598175845385, 0.24634438264149602, 0.24526157660764997, 0.24418742829766185, 0.24312180614922713, 0.24206458232338499, 0.24101563262882628, 0.23997483644438172, 0.2389420766399461, 0.23791723949607083, 0.23690021462244815, 0.2358908948754927, 0.23488917627521794, 0.23389495792158493, 0.23290814191050063, 0.23192863324961954, 0.2309563397741055, 0.229991172062492, 0.22903304335277408, 0.2280818694588572, 0.22713756868748244, 0.22620006175573587, 0.22526927170924607, 0.2243451238411711, 0.22342754561206174, 0.2225164665706897, 0.22161181827592427, 0.22071353421972612, 0.21982154975133666, 0.21893580200272403, 0.21805622981535017, 0.21718277366831437, 0.21631537560792835, 0.21545397917876583, 0.21459852935624174, 0.2137489724807502, 0.21290525619340453, 0.21206732937341113, 0.21123514207710245, 0.21040864547866128, 0.20958779181254705, 0.20877253431765536, 0.20796282718321007, 0.20715862549641093, 0.20635988519183654, 0.20556656300260875, 0.20477861641331913, 0.2039960036147138, 0.20321868346013144, 0.20244661542368442, 0.20167975956017373, 0.20091807646671947, 0.2001615272460931, 0.19941007347172862, 0.19866367715439265, 0.19792230071048875, 0.19718590693196592, 0.19645445895780836, 0.19572792024707103, 0.19500625455343024, 0.19428942590121684, 0.1935773985628954, 0.19287013703795242, 0.19216760603315747, 0.1914697704441571, 0.19077659533836397, 0.19008804593909862, 0.1894040876109459, 0.18872468584628269, 0.1880498062529371, 0.18737941454293633, 0.1867134765223028, 0.18605195808185682, 0.18539482518898126, 0.18474204388031648, 0.18409358025532785, 0.18344940047072655, 0.1828094707356866, 0.18217375730782653, 0.18154222648991752, 0.18091484462727894, 0.18029157810582208, 0.17967239335070995, 0.17905725682559537, 0.17844613503240422, 0.17783899451162774, 0.17723580184309587, 0.17663652364719679, 0.17604112658651225, 0.1754495773678423, 0.17486184274458624, 0.17427788951945797, 0.17369768454750426, 0.17312119473940463, 0.17254838706502457, 0.17197922855720435, 0.17141368631575454, 0.1708517275116429, 0.17029331939134695, 0.16973842928135946, 0.16918702459281895, 0.16863907282625878, 0.16809454157644846, 0.1675533985373163, 0.16701561150693828, 0.16648114839257763, 0.16594997721575933, 0.16542206611737453, 0.16489738336279341, 0.16437589734698116, 0.16385757659960434, 0.1633423897901195, 0.1628303057328323, 0.16232129339191648, 0.16181532188639408, 0.16131236049505437, 0.1608123786613188, 0.1603153459980336, 0.15982123229219355, 0.15933000750958137, 0.1588416417993278, 0.15835610549837784, 0.15787336913586467, 0.15739340343738525, 0.1569161793291722, 0.15644166794216213, 0.15596984061595226, 0.1555006689026466, 0.15503412457058743, 0.15457017960796826, 0.15410880622633047, 0.15364997686393483, 0.15319366418901434, 0.1527398411028997, 0.15228848074302098, 0.15183955648578285, 0.1513930419493108, 0.15094891099607202, 0.1505071377353651, 0.15006769652568322, 0.14963056197694583, 0.1491957089526028, 0.14876311257160965, 0.14833274821027337, 0.14790459150396912, 0.1474786183487304, 0.1470548049027107, 0.14663312758751873, 0.14621356308942693, 0.14579608836045702, 0.14538068061933895, 0.14496731735234708, 0.14455597631401684, 0.1441466355277384, 0.1437392732862306, 0.1433338681519002, 0.1429303989570796]",C0332
10,8,linear,44,200,26.89922099999967,0.1733261338333845,0.05492154266913833,False,"[0.3476083135412968, 0.3454836315584286, 0.34338089339274014, 0.34129953337940283, 0.33923902626367886, 0.33719888581372365, 0.33517866334266605, 0.3331779461609556, 0.3311963559776131, 0.3292335472668126, 0.32728920561415575, 0.32536304605508626, 0.32345481141612653, 0.32156427066800336, 0.3196912172982727, 0.31783546770973115, 0.3159968596497357, 0.31417525067452245, 0.31237051665171506, 0.3105825503034446, 0.3088112597918554, 0.30705656734822656, 0.3053184079465093, 0.3035967280217274, 0.30189148423343803, 0.3002026422742534, 0.29853017572330287, 0.2968740649444434, 0.2952342960289963, 0.29361085978279056, 0.2920037507573292, 0.29041296632493274, 0.28883850579777426, 0.28728036959077685, 0.28573855842839524, 0.28421307259535017, 0.2827039112314177, 0.2812110716703852, 0.27973454882329496, 0.2782743346060602, 0.27683041741151515, 0.27540278162587833, 0.27399140718955095, 0.27259626920205254, 0.27121733757080013, 0.26985457670330126, 0.26850794524219507, 0.2671773958424321, 0.26586287498973543, 0.26456432285932513, 0.2632816732137499, 0.2620148533385082, 0.2607637840140118, 0.25952837952230456, 0.2583085476868305, 0.2571041899434374, 0.2559152014407001, 0.25474147116758145, 0.25358288210636615, 0.25243931140877585, 0.2513106305931227, 0.2501967057603639, 0.2490973978269042, 0.24801256277202569, 0.24694205189784593, 0.24588571209975849, 0.24484338614536175, 0.24381491295996321, 0.24280012791681194, 0.24179886313031446, 0.24081094775057435, 0.23983620825770693, 0.23887446875447935, 0.23792555125594053, 0.23698927597481406, 0.23606546160154224, 0.23515392557797865, 0.2342544843638379, 0.23336695369511928, 0.2324911488338266, 0.23162688480841012, 0.23077397664444685, 0.229932239585176, 0.22910148930159063, 0.2282815420918634, 0.22747221506997223, 0.22667332634344803, 0.2258846951802461, 0.22510614216478508, 0.22433748934327272, 0.22357856035845963, 0.2228291805740287, 0.22208917718884624, 0.22135837934134878, 0.22063661820435146, 0.21992372707060373, 0.21921954142941974, 0.21852389903474262, 0.21783663996499775, 0.2171576066751136, 0.2164866440410785, 0.21582359939741771, 0.21516832256796645, 0.21452066589031693, 0.21388048423430733, 0.2132476350149267, 0.21262197819998757, 0.2120033763129213, 0.21139169443103373, 0.21078680017955662, 0.2101885637218058, 0.20959685774576328, 0.20901155744737038, 0.20843254051081533, 0.20785968708609154, 0.20729287976407318, 0.20673200354936133, 0.20617694583112436, 0.2056275963521564, 0.2050838471763575, 0.20454559265482755, 0.20401272939075993, 0.20348515620330215, 0.2029627740905433, 0.20244548619177696, 0.20193319774917762, 0.20142581606901833, 0.20092325048254564, 0.2004254123066286, 0.1999322148042701, 0.1994435731450848, 0.19895940436582307, 0.198479627331013, 0.19800416269380167, 0.19753293285705026, 0.1970658619347412, 0.19660287571375362, 0.19614390161604767, 0.19568886866130247, 0.19523770743004154, 0.1947903500272774, 0.19434673004670439, 0.19390678253546395, 0.19347044395949728, 0.1930376521695122, 0.19260834636756632, 0.1921824670742891, 0.19175995609674207, 0.19134075649692966, 0.19092481256096278, 0.19051206976887583, 0.19010247476510217, 0.18969597532960014, 0.18929252034963423, 0.1888920597922037, 0.18849454467711318, 0.18809992705068196, 0.1877081599600829, 0.18731919742830447, 0.1869329944297262, 0.1865495068663015, 0.18616869154433358, 0.18579050615183926, 0.18541490923648735, 0.1850418601841018, 0.18467131919771934, 0.18430324727719016, 0.18393760619930835, 0.18357435849846432, 0.18321346744780592, 0.18285489704089675, 0.1824986119738598, 0.18214457762799555, 0.18179276005286554, 0.1814431259498246, 0.18109564265599742, 0.18075027812868277, 0.18040700093017784, 0.18006578021301037, 0.17972658570557035, 0.17938938769812757, 0.17905415702922717, 0.17872086507245383, 0.17838948372355323, 0.17805998538790124, 0.17773234296831328, 0.17740652985318278, 0.17708251990494228, 0.17676028744883435, 0.17643980726199007, 0.17612105456280044, 0.17580400500057644, 0.17548863464549033, 0.17517491997878767, 0.17486283788326518, 0.17455236563400717, 0.17424348088937142, 0.1739361616822202, 0.17363038641138878, 0.1733261338333845]",C0333
10,8,linear,45,200,27.028836699999374,0.08754617600237502,0.04048357171652239,False,"[0.1446529226059675, 0.14416541089593773, 0.1436793907543188, 0.14319491831724557, 0.14271204876217486, 0.14223083625924365, 0.1417513339246038, 0.1412735937758176, 0.1407976666893879, 0.1403236023604912, 0.13985144926497217, 0.13938125462365178, 0.1389130643689946, 0.1384469231141677, 0.13798287412452276, 0.13752095929151953, 0.13706121910910385, 0.1366036926525463, 0.13614841755973794, 0.13569543001493464, 0.13524476473493324, 0.13479645495765813, 0.1343505324331263, 0.1339070274167594, 0.13346596866499794, 0.13302738343317452, 0.13259129747559303, 0.13215773504775802, 0.1317267189106946, 0.13129827033729283, 0.1308724091206118, 0.13044915358406978, 0.13002852059344644, 0.12961052557062316, 0.12919518250898168, 0.12878250399037983, 0.12837250120362526, 0.12796518396436282, 0.12756056073629368, 0.12715863865364055, 0.12675942354477882, 0.12636291995694576, 0.12596913118194825, 0.12557805928278507, 0.1251897051211024, 0.1248040683854033, 0.12442114761993102, 0.12404094025414994, 0.12366344263274846, 0.12328865004609024, 0.12291655676104196, 0.12254715605210904, 0.12218044023281131, 0.12181640068723565, 0.12145502790170075, 0.12109631149647715, 0.12074024025750432, 0.12038680216804917, 0.12003598444025602, 0.11968777354653899, 0.11934215525076788, 0.11899911463920634, 0.11865863615115943, 0.11832070360929495, 0.11798530024959644, 0.11765240875092231, 0.11732201126413382, 0.11699408944076684, 0.1166686244612198, 0.11634559706243526, 0.11602498756505249, 0.11570677590001174, 0.11539094163459532, 0.1150774639978861, 0.11476632190563482, 0.11445749398452221, 0.11415095859580615, 0.11384669385834849, 0.11354467767101321, 0.11324488773443193, 0.11294730157213542, 0.11265189655104582, 0.11235864990133312, 0.11206753873563488, 0.11177854006764046, 0.11149163083004487, 0.11120678789187624, 0.11092398807519932, 0.11064320817120465, 0.11036442495568843, 0.11008761520393018, 0.10981275570497769, 0.1095398232753472, 0.10926879477214875, 0.10899964710564607, 0.10873235725126287, 0.1084669022610435, 0.1082032592745817, 0.10794140552942892, 0.10768131837099101, 0.1074229752619286, 0.10716635379107173, 0.10691143168186024, 0.10665818680032342, 0.10640659716261258, 0.10615664094209407, 0.10590829647602207, 0.10566154227179791, 0.10541635701283199, 0.10517271956401768, 0.10493060897683264, 0.10469000449407762, 0.10445088555426496, 0.10421323179566992, 0.1039770230600547, 0.10374223939607947, 0.10350886106240968, 0.10327686853053067, 0.10304624248728271, 0.10281696383712628, 0.10258901370414653, 0.10236237343381187, 0.10213702459449019, 0.1019129489787404, 0.10169012860438235, 0.1014685457153586, 0.10124818278239611, 0.10102902250347737, 0.10081104780412802, 0.10059424183753243, 0.10037858798448322, 0.10016406985317372, 0.09995067127884108, 0.09973837632326758, 0.09952716927414859, 0.09931703464433086, 0.09910795717093411, 0.09889992181435565, 0.09869291375717024, 0.09848691840292764, 0.09828192137485645, 0.09807790851447822, 0.09787486588013816, 0.097672779745458, 0.09747163659771711, 0.09727142313616381, 0.09707212627026521, 0.0968737331178987, 0.09667623100348892, 0.09647960745609557, 0.09628385020745553, 0.09608894718998395, 0.09589488653473695, 0.09570165656934014, 0.095509245815887, 0.09531764298880893, 0.09512683699272237, 0.09493681692025299, 0.09474757204984277, 0.09455909184354092, 0.0943713659447816, 0.09418438417615164, 0.09399813653714931, 0.09381261320193769, 0.09362780451709399, 0.09344370099935738, 0.09326029333337606, 0.09307757236945767, 0.09289552912132157, 0.09271415476385839, 0.09253344063089453, 0.09235337821296619, 0.09217395915510213, 0.09199517525461812, 0.09181701845892272, 0.0916394808633365, 0.09146255470892584, 0.09128623238035088, 0.09111050640373206, 0.0909353694445302, 0.09076081430544666, 0.09058683392434216, 0.09041342137217274, 0.09024056985094794, 0.09006827269170788, 0.08989652335252091, 0.08972531541650439, 0.08955464258986476, 0.08938449869996204, 0.08921487769339492, 0.0890457736341103, 0.08887718070153451, 0.08870909318872844, 0.08854150550056551, 0.08837441215193496, 0.08820780776596641, 0.08804168707227951, 0.08787604490525837, 0.08771087620234755, 0.08754617600237502]",C0334
10,8,linear,46,200,26.936976799999684,0.20090948071246598,0.062030323707414084,False,"[0.36825882794904163, 0.36586517032382243, 0.36350714449929106, 0.36118452118429123, 0.3588970474410427, 0.3566444507546752, 0.35442644257718176, 0.3522427213703784, 0.3500929751777956, 0.3479768837594309, 0.3458941203260695, 0.34384435291157417, 0.3418272454223097, 0.33984245840278665, 0.3378896495558739, 0.33596847405459507, 0.33407858468074303, 0.3322196318233997, 0.3303912633680359, 0.3285931245042607, 0.3268248574775709, 0.3250861013076839, 0.32337649149326797, 0.32169565972016284, 0.3200432335875602, 0.3184188363641001, 0.31682208678347307, 0.31525259888692697, 0.31370998191804944, 0.31219384027336894, 0.31070377351067446, 0.3092393764155114, 0.3078002391250435, 0.30638594730741125, 0.30499608239380904, 0.30363022185978056, 0.30228793955165995, 0.30096880605365006, 0.29967238909074034, 0.2983982539624773, 0.2971459640025286, 0.29591508105899683, 0.29470516599052793, 0.2935157791734234, 0.29234648101517224, 0.29119683247008094, 0.2900663955529667, 0.2889547338471956, 0.28786141300367707, 0.2867860012277661, 0.28572806975137055, 0.2846871932878988, 0.2836629504680161, 0.2826549242545039, 0.28166270233481805, 0.2806858774902425, 0.27972404794080397, 0.278776817665363, 0.27784379669654247, 0.276924601390355, 0.27601885467059245, 0.27512618624821095, 0.27424623281609095, 0.2733786382196977, 0.27252305360426654, 0.2716791375392503, 0.27084655612083836, 0.2700249830534248, 0.26921409971095545, 0.2684135951791299, 0.2676231662794513, 0.266842517576144, 0.2660713613669631, 0.26530941765892424, 0.26455641412996644, 0.26381208607756224, 0.2630761763552529, 0.26234843529807755, 0.2616286206378337, 0.2609164974090695, 0.2602118378466861, 0.25951442127598806, 0.2588240339959808, 0.2581404691566831, 0.25746352663118144, 0.25679301288311274, 0.25612874083022996, 0.25547052970465944, 0.2548182049104302, 0.25417159787881083, 0.25353054592195984, 0.2528948920853581, 0.252264484999459, 0.25163917873095865, 0.251018832634063, 0.2504033112020864, 0.2497924839197065, 0.24918622511615274, 0.2485844138195982, 0.2479869336129882, 0.24739367249152142, 0.2468045227219749, 0.2462193807040487, 0.24563814683388055, 0.2450607253698672, 0.24448702430090868, 0.24391695521718387, 0.2433504331835381, 0.24278737661556277, 0.24222770715842684, 0.24167134956850952, 0.24111823159787563, 0.24056828388161847, 0.24002143982809554, 0.23947763551206505, 0.23893680957072627, 0.2383989031026618, 0.23786385956967057, 0.23733162470147703, 0.23680214640329228, 0.236275374666202, 0.23575126148035047, 0.235229760750887, 0.23471082821663308, 0.23419442137143204, 0.23368049938813323, 0.23316902304517048, 0.23265995465567563, 0.232153257999088, 0.2316488982551971, 0.23114684194057217, 0.23064705684732068, 0.2301495119841201, 0.22965417751946773, 0.22916102472709277, 0.22867002593347002, 0.2281811544673832, 0.22769438461147704, 0.22720969155574333, 0.2267270513528826, 0.22624644087548695, 0.2257678377749889, 0.22529122044231853, 0.22481656797021615, 0.22434386011714808, 0.22387307727277045, 0.22340420042489156, 0.22293721112787995, 0.22247209147246805, 0.22200882405690595, 0.2215473919594127, 0.2210877787118828, 0.2206299682747978, 0.22017394501330637, 0.21971969367441707, 0.21926719936527594, 0.21881644753247836, 0.21836742394237768, 0.21792011466235675, 0.21747450604301596, 0.21703058470125192, 0.21658833750418466, 0.21614775155390253, 0.2157088141729909, 0.21527151289081484, 0.21483583543052415, 0.21440176969675143, 0.21396930376397436, 0.21353842586551885, 0.21310912438316937, 0.21268138783737042, 0.21225520487798724, 0.21183056427560495, 0.21140745491334742, 0.21098586577918893, 0.21056578595874065, 0.2101472046284914, 0.2097301110494838, 0.20931449456140955, 0.20890034457710174, 0.20848765057741078, 0.20807640210644812, 0.20766658876717972, 0.20725820021735566, 0.20685122616576268, 0.20644565636878234, 0.20604148062724734, 0.20563868878357794, 0.20523727071918682, 0.20483721635214377, 0.20443851563508977, 0.20404115855337812, 0.20364513512345211, 0.2032504353914275, 0.20285704943188915, 0.20246496734687525, 0.20207417926505405, 0.20168467534107712, 0.20129644575510008, 0.20090948071246598]",C0335
10,8,ring,42,200,27.667834500000026,0.2607643813817607,0.056609879147450616,False,"[0.3946023239766357, 0.3935550919037278, 0.3925078670447916, 0.39146079516313864, 0.3904140230497359, 0.38936769834317864, 0.38832196934561114, 0.3872769848351535, 0.3862328938754229, 0.3851898456227495, 0.38414798913169823, 0.3831074731595275, 0.3820684459702142, 0.3810310551386854, 0.37999544735589774, 0.3789617682353946, 0.3779301621219816, 0.3769007719031337, 0.3758737388237508, 0.37484920230485097, 0.3738272997667813, 0.37280816645749737, 0.3717919352864446, 0.3707787366645433, 0.3697686983507514, 0.3687619453056483, 0.36775859955245, 0.3667587800458282, 0.3657626025488698, 0.3647701795184826, 0.3637816199994984, 0.3627970295277043, 0.36181651004197557, 0.36084015980565637, 0.3598680733372851, 0.3589003413507272, 0.35793705070473547, 0.35697828436192064, 0.3560241213570762, 0.35507463677476775, 0.35412990173605674, 0.35318998339420193, 0.35225494493914156, 0.3513248456105388, 0.3503997407191356, 0.34947968167614135, 0.34856471603035305, 0.3476548875126883, 0.34675023608778677, 0.34585079801232255, 0.3449566058996535, 0.3440676887904224, 0.3431840722287131, 0.3423057783433575, 0.34143282593398283, 0.3405652305613865, 0.3397030046418218, 0.33884615754478253, 0.3379946956938681, 0.3371486226703256, 0.3363079393188645, 0.3354726438553456, 0.33464273197596006, 0.33381819696751963, 0.3329990298184936, 0.3321852193304368, 0.33137675222947116, 0.33057361327749146, 0.3297757853827872, 0.32898324970978404, 0.3281959857876219, 0.327413971617313, 0.3266371837772266, 0.3258655975266752, 0.3250991869073888, 0.32433792484267926, 0.3235817832341214, 0.3228307330555837, 0.32208474444446744, 0.3213437867900242, 0.32060782881864025, 0.3198768386759896, 0.31915078400597535, 0.31842963202639274, 0.3177133496012611, 0.31700190330978345, 0.31629525951191517, 0.31559338441051815, 0.3148962441101107, 0.3142038046722132, 0.31351603216731955, 0.31283289272351433, 0.3121543525717906, 0.3114803780881023, 0.3108109358322178, 0.3101459925834374, 0.3094855153732433, 0.3088294715149642, 0.3081778286305322, 0.3075305546744257, 0.3068876179548871, 0.30624898715251275, 0.3056146313363153, 0.3049845199773613, 0.30435862296008687, 0.30373691059140057, 0.3031193536076778, 0.3025059231797612, 0.3018965909160664, 0.30129132886391585, 0.3006901095091944, 0.30009290577444653, 0.29949969101551677, 0.2989104390168392, 0.29832512398548083, 0.2977437205440412, 0.29716620372250724, 0.29659254894916154, 0.29602273204063795, 0.2954567291912177, 0.29489451696145597, 0.29433607226622194, 0.2937813723622376, 0.2932303948351975, 0.29268311758653753, 0.2921395188199343, 0.2915995770276007, 0.29106327097644086, 0.29053057969413165, 0.2900014824551854, 0.2894759587670495, 0.2889539883562965, 0.28843555115494923, 0.2879206272869881, 0.2874091970550796, 0.28690124092756475, 0.28639673952574174, 0.28589567361147206, 0.28539802407514114, 0.2849037719239957, 0.2844128982708795, 0.28392538432339026, 0.28344121137346956, 0.28296036078744197, 0.2824828139965134, 0.28200855248773943, 0.28153755779546713, 0.28106981149325905, 0.2806052951862955, 0.2801439905042624, 0.27968587909471937, 0.2792309426169442, 0.27877916273625347, 0.2783305211187891, 0.2778849994267646, 0.2774425793141658, 0.27700324242288993, 0.27656697037931843, 0.2761337447913115, 0.27570354724560425, 0.2752763593056073, 0.2748521625095784, 0.27443093836916943, 0.27401266836832183, 0.2735973339625014, 0.27318491657825594, 0.27277539761308073, 0.2723687584355763, 0.2719649803858829, 0.27156404477637675, 0.2711659328926124, 0.2707706259944963, 0.2703781053176746, 0.26998835207512484, 0.26960134745893083, 0.2692170726422315, 0.2688355087813269, 0.2684566370179279, 0.26808043848153795, 0.26770689429195194, 0.2673359855618599, 0.26696769339954485, 0.266601998911662, 0.2662388832060884, 0.2658783273948314, 0.26552031259698666, 0.26516481994173763, 0.2648118305713808, 0.2644613256443766, 0.26411328633841086, 0.26376769385346105, 0.26342452941486144, 0.2630837742763563, 0.2627454097231388, 0.26240941707486753, 0.2620757776886524, 0.2617444729620123, 0.26141548433578754, 0.2610887932970165, 0.2607643813817607]",C0336
10,8,ring,43,200,27.488444900000104,0.21290001394849237,0.04413851390124854,False,"[0.30359537609767057, 0.3027720224133229, 0.30195246989500246, 0.3011367300615234, 0.3003248144132764, 0.29951673445258037, 0.29871250170158314, 0.29791212771770154, 0.2971156241066055, 0.2963230025327618, 0.2955342747275534, 0.29474945249500933, 0.2939685477151813, 0.2931915723452128, 0.2924185384181569, 0.2916494580396063, 0.29088434338220037, 0.29012320667809155, 0.2893660602094503, 0.2886129162970982, 0.28786378728736295, 0.2871186855372593, 0.28637762339809036, 0.2856406131975886, 0.2849076672206984, 0.2841787976891184, 0.2834540167397206, 0.28273333640196185, 0.2820167685744084, 0.28130432500049246, 0.2805960172436214, 0.2798918566617586, 0.2791918543815934, 0.27849602127241885, 0.27780436791983043, 0.2771169045993587, 0.2764336412501477, 0.27575458744878134, 0.2750797523833665, 0.2744091448279654, 0.2737427731174783, 0.2730806451230635, 0.2724227682281793, 0.27176914930533314, 0.27111979469360953, 0.27047471017704783, 0.2698339009639362, 0.26919737166708224, 0.2685651262851095, 0.26793716818483443, 0.2673135000847625, 0.2666941240397435, 0.26607904142681515, 0.2654682529322655, 0.26486175853993077, 0.26425955752074903, 0.26366164842357775, 0.26306802906728394, 0.26247869653410477, 0.2618936471642791, 0.26131287655194146, 0.26073637954226603, 0.26016415022984485, 0.25959618195828477, 0.2590324673209944, 0.25847299816314073, 0.25791776558474583, 0.2573667599448872, 0.2568199708669751, 0.2562773872450652, 0.2557389972511697, 0.2552047883435285, 0.25467474727579753, 0.254148860107109, 0.2536271122129653, 0.2531094882969144, 0.2525959724029684, 0.25208654792871316, 0.2515811976390659, 0.25107990368063315, 0.2505826475966236, 0.2500894103422668, 0.2496001723006968, 0.24911491329924976, 0.24863361262613512, 0.24815624904743258, 0.2476828008243777, 0.24721324573088613, 0.2467475610712821, 0.2462857236981887, 0.24582771003053955, 0.24537349607167952, 0.24492305742751186, 0.24447636932466446, 0.24403340662863532, 0.24359414386189085, 0.24315855522188415, 0.24272661459896416, 0.24229829559415156, 0.24187357153675332, 0.24145241550179136, 0.24103480032722632, 0.24062069863095084, 0.2402100828275376, 0.23980292514471874, 0.23939919763958661, 0.23899887221449387, 0.23860192063264477, 0.23820831453336183, 0.23781802544701774, 0.23743102480962328, 0.2370472839770624, 0.2366667742389653, 0.23628946683221738, 0.23591533295409292, 0.23554434377501568, 0.23517647045093854, 0.2348116841353421, 0.23444995599085067, 0.23409125720046514, 0.23373555897841372, 0.23338283258061893, 0.23303304931478813, 0.23268618055012397, 0.23234219772666265, 0.23200107236424067, 0.2316627760710957, 0.23132728055210747, 0.23099455761668022, 0.230664579186277, 0.2303373173016074, 0.23001274412947917, 0.2296908319693169, 0.22937155325935588, 0.22905488058251927, 0.228740786671986, 0.22842924441645263, 0.22812022686510436, 0.22781370723229663, 0.22750965890195607, 0.22720805543171374, 0.22690887055677028, 0.22661207819351076, 0.22631765244286642, 0.2260255675934423, 0.22573579812440908, 0.2254483187081738, 0.2251631042128343, 0.22488012970442545, 0.22459937044896455, 0.2243208019143049, 0.2240443997718038, 0.2237701398978127, 0.22349799837499598, 0.22322795149348723, 0.22295997575188778, 0.22269404785811636, 0.2224301447301149, 0.22216824349641695, 0.22190832149658743, 0.22165035628153618, 0.2213943256137143, 0.22114020746719718, 0.2208879800276628, 0.22063762169226417, 0.2203891110694114, 0.22014242697845798, 0.2198975484493031, 0.219654454721914, 0.2194131252457685, 0.21917353967922876, 0.21893567788884458, 0.2186995199485946, 0.21846504613906687, 0.21823223694658456, 0.21800107306227717, 0.21777153538110605, 0.21754360500084186, 0.2173172632210016, 0.21709249154174462, 0.21686927166273495, 0.21664758548196783, 0.2164274150945677, 0.2162087427915554, 0.21599155105859227, 0.21577582257469935, 0.21556154021095555, 0.215348687029176, 0.21513724628057593, 0.21492720140441396, 0.21471853602662808, 0.21451123395845456, 0.214305279195039, 0.2141006559140382, 0.2138973484742143, 0.21369534141402263, 0.21349461945019432, 0.21329516747631624, 0.21309697056140703, 0.21290001394849237]",C0337
10,8,ring,44,200,27.50886790000004,0.2250398670331737,0.05117105000384726,False,"[0.34830538740367034, 0.3471383545765494, 0.34597681203183916, 0.3448209121046265, 0.3436707986123301, 0.34252660689260317, 0.3413884638674277, 0.34025648813213244, 0.33913079006795355, 0.3380114719766792, 0.3368986282358417, 0.33579234547286846, 0.3346927027565511, 0.3335997718041768, 0.33251361720263384, 0.3314342966418146, 0.33036186115863864, 0.3292963553900417, 0.3282378178333124, 0.32718628111218717, 0.32614177224717467, 0.3251043129286317, 0.3240739197911747, 0.3230506046880871, 0.3220343749644485, 0.3210252337277978, 0.32002318011521863, 0.3190282095558229, 0.3180403140276926, 0.31705948230842673, 0.3160857002185279, 0.3151189508569475, 0.3141592148281981, 0.31320647046051897, 0.31226069401467077, 0.3113218598830062, 0.31038994077854765, 0.30946490791387105, 0.3085467311696678, 0.3076353792529215, 0.3067308198447012, 0.30583301973762517, 0.3049419449631131, 0.304057560908586, 0.30317983242481966, 0.3023087239237078, 0.3014441994667149, 0.30058622284434267, 0.2997347576469563, 0.2988897673273466, 0.2980512152554177, 0.2972190647654151, 0.29639327919611697, 0.29557382192442305, 0.294760656392779, 0.2939537461308862, 0.2931530547721341, 0.2923585460652008, 0.29157018388125766, 0.29078793221720706, 0.2900117551953737, 0.2892416170600561, 0.28847748217133495, 0.28771931499651887, 0.2869670800995895, 0.2862207421289972, 0.28548026580413144, 0.28474561590078046, 0.28401675723586695, 0.2832936546517341, 0.28257627300022903, 0.2818645771268171, 0.2811585318549344, 0.28045810197076965, 0.2797632522086474, 0.27907394723715895, 0.2783901516461778, 0.27771182993486904, 0.2770389465007921, 0.27637146563017306, 0.27570935148941056, 0.2750525681178638, 0.2744010794219523, 0.273754849170592, 0.2731138409919692, 0.27247801837165214, 0.2718473446520209, 0.27122178303299305, 0.27060129657401055, 0.26998584819724253, 0.2693754006919606, 0.26876991672002537, 0.26816935882242776, 0.2675736894268189, 0.26698287085595895, 0.2663968653370141, 0.26581563501162786, 0.265239141946692, 0.2646673481457382, 0.26410021556087726, 0.2635377061052082, 0.2629797816656195, 0.26242640411591334, 0.26187753533017205, 0.2613331371963055, 0.2607931716297034, 0.26025760058692926, 0.25972638607939436, 0.2591994901869497, 0.25867687507133963, 0.25815850298946535, 0.25764433630640626, 0.25713433750815523, 0.2566284692140234, 0.2561266941886757, 0.2556289753537646, 0.25513527579912715, 0.25464555879351847, 0.2541597877948589, 0.2536779264599731, 0.2531999386538004, 0.2527257884580703, 0.2522554401794223, 0.25178885835696974, 0.2513260077692988, 0.25086685344090337, 0.25041136064805103, 0.24995949492409003, 0.24951122206419765, 0.24906650812957762, 0.2486253194511196, 0.24818762263252747, 0.24775338455293167, 0.2473225723690026, 0.2468951535165745, 0.24647109571180512, 0.2460503669518816, 0.24563293551529758, 0.2452187699617192, 0.24480783913146137, 0.24440011214459306, 0.24399555839969875, 0.24359414757231143, 0.24319584961304522, 0.24280063474544486, 0.24240847346357883, 0.24201933652939508, 0.2416331949698615, 0.24125002007391538, 0.24086978338924006, 0.24049245671889205, 0.24011801211779646, 0.23974642188913364, 0.23937765858063362, 0.2390116949807995, 0.23864850411507432, 0.2382880592419711, 0.23793033384918502, 0.23757530164969493, 0.23722293657787855, 0.23687321278565046, 0.23652610463863705, 0.23618158671239894, 0.23583963378871772, 0.23550022085195196, 0.23516332308547416, 0.23482891586820123, 0.2344969747712197, 0.23416747555452183, 0.23384039416384939, 0.23351570672766003, 0.2331933895542165, 0.23287341912880327, 0.2325557721110741, 0.23224042533253692, 0.2319273557941735, 0.23161654066419782, 0.23130795727595518, 0.23100158312596014, 0.2306973958720751, 0.23039537333182697, 0.23009549348086367, 0.2297977344515457, 0.2295020745316712, 0.2292084921633361, 0.22891696594191974, 0.22862747461519778, 0.2283399970825776, 0.22805451239445224, 0.22777099975166798, 0.2274894385051019, 0.2272098081553465, 0.22693208835249243, 0.22665625889601002, 0.22638229973472046, 0.22611019096685153, 0.22583991284017632, 0.2255714457522256, 0.22530477025057133, 0.2250398670331737]",C0338
10,8,ring,45,200,27.471314999998867,0.10142332495158397,0.04005994533833735,False,"[0.15336572162720646, 0.15297860797991225, 0.1525923803049554, 0.15220706187264957, 0.151822675659249, 0.15143924433387604, 0.15105679024582153, 0.15067533541223527, 0.15029490150621905, 0.14991550984533952, 0.14953718138057248, 0.14915993668569233, 0.14878379594711807, 0.14840877895422291, 0.1480349050901236, 0.1476621933229495, 0.1472906621976059, 0.14692032982803252, 0.14655121388996384, 0.14618333161419772, 0.14581669978037018, 0.1454513347112428, 0.14508725226750133, 0.14472446784306553, 0.14436299636090963, 0.14400285226939075, 0.14364404953908388, 0.1432866016601156, 0.14293052163999678, 0.1425758220019451, 0.14222251478369202, 0.1418706115367661, 0.1415201233262479, 0.14117106073098257, 0.14082343384424545, 0.1404772522748487, 0.14013252514867824, 0.13978926111065046, 0.13944746832707783, 0.13910715448842972, 0.13876832681247778, 0.13843099204781142, 0.13809515647771234, 0.13776082592437217, 0.13742800575344202, 0.13709670087889836, 0.1367669157682118, 0.13643865444780476, 0.13611192050878348, 0.13578671711293006, 0.13546304699894063, 0.13514091248889418, 0.13482031549493873, 0.13450125752618047, 0.1341837396957616, 0.1338677627281121, 0.13355332696636252, 0.13324043237990468, 0.1329290785720835, 0.1326192647880115, 0.13231098992248896, 0.13200425252801834, 0.13169905082290126, 0.13139538269940418, 0.13109324573198197, 0.130792637185548, 0.13049355402377788, 0.1301959929174375, 0.12989995025272477, 0.12960542213961346, 0.12931240442019015, 0.1290208926769757, 0.12873088224121979, 0.12844236820116245, 0.12815534541025198, 0.12786980849531257, 0.1275857518646534, 0.12730316971611272, 0.12702205604502867, 0.12674240465213177, 0.1264642091513522, 0.1261874629775363, 0.12591215939406653, 0.12563829150038017, 0.12536585223938287, 0.12509483440475042, 0.12482523064811683, 0.12455703348614462, 0.12429023530747303, 0.12402482837954107, 0.12376080485528536, 0.12349815677970535, 0.1232368760962976, 0.12297695465335745, 0.1227183842101421, 0.12246115644289915, 0.12220526295075622, 0.12195069526146989, 0.12169744483703723, 0.12144550307916509, 0.1211948613345997, 0.12094551090031505, 0.1206974430285617, 0.12045064893177412, 0.12020511978733857, 0.11996084674222338, 0.11971782091746797, 0.11947603341253792, 0.1192354753095409, 0.11899613767730874, 0.11875801157534682, 0.1185210880576486, 0.11828535817638224, 0.11805081298544565, 0.11781744354389638, 0.11758524091925453, 0.11735419619068257, 0.11712430045204347, 0.11689554481483988, 0.1166679204110344, 0.11644141839575632, 0.11621602994989369, 0.11599174628257576, 0.11576855863354547, 0.11554645827542723, 0.11532543651588918, 0.11510548469970536, 0.11488659421071715, 0.11466875647369845, 0.11445196295612765, 0.11423620516986499, 0.11402147467274222, 0.11380776307006461, 0.11359506201602772, 0.11338336321505135, 0.11317265842303437, 0.11296293944853075, 0.11275419815385099, 0.11254642645608966, 0.11233961632808254, 0.11213375979929532, 0.11192884895664515, 0.11172487594525957, 0.11152183296917235, 0.11131971229195958, 0.11111850623731874, 0.11091820718959297, 0.110718807594239, 0.1105202999582477, 0.11032267685051152, 0.11012593090214742, 0.10993005480677151, 0.10973504132073239, 0.10954088326330154, 0.10934757351682327, 0.10915510502682708, 0.10896347080210349, 0.10877266391474463, 0.10858267750015167, 0.10839350475701011, 0.10820513894723627, 0.10801757339589399, 0.10783080149108389, 0.10764481668380914, 0.10745961248781391, 0.10727518247940113, 0.10709152029722802, 0.10690861964207987, 0.10672647427662765, 0.10654507802516414, 0.1063644247733262, 0.10618450846779923, 0.10600532311600845, 0.10582686278579585, 0.10564912160508473, 0.10547209376153262, 0.10529577350217327, 0.10512015513304915, 0.10494523301883477, 0.10477100158245248, 0.10459745530467932, 0.10442458872374924, 0.10425239643494819, 0.10408087309020422, 0.10391001339767307, 0.10373981212132058, 0.10357026408050007, 0.10340136414952865, 0.10323310725726143, 0.10306548838666126, 0.10289850257437139, 0.10273214491028419, 0.10256641053711049, 0.10240129464994963, 0.10223679249585929, 0.10207289937342619, 0.10190961063233753, 0.10174692167295556, 0.1015848279458916, 0.10142332495158397]",C0339
10,8,ring,46,200,27.68435750000026,0.24851277632683394,0.05632063617808781,False,"[0.3858491464226911, 0.3847708215843144, 0.38369160362983734, 0.38261168291225156, 0.3815312508501435, 0.38045049964902505, 0.37936962201945823, 0.37828881089293925, 0.3772082591365299, 0.3761281592672386, 0.37504870316716743, 0.3739700818004478, 0.3728924849329779, 0.3718161008559746, 0.3707411161143354, 0.36966771524078046, 0.3685960804967258, 0.36752639162079626, 0.36645882558585186, 0.36539355636535825, 0.36433075470987525, 0.3632705879343897, 0.3622132197171549, 0.36115880991063853, 0.3601075143651131, 0.35905948476535676, 0.3580148684808574, 0.3569738084298474, 0.3559364429574142, 0.35490290572786737, 0.35387332563146356, 0.35284782670552184, 0.35182652806988923, 0.35080954387664937, 0.349796983273896, 0.3487889503833391, 0.34778554429143793, 0.34678685905370976, 0.34579298371180456, 0.34480400232288744, 0.34381999400082963, 0.34284103296866447, 0.34186718862173093, 0.34089852560090217, 0.3399351038752628, 0.33897697883358163, 0.33802420138391104, 0.33707681806063106, 0.3361348711382512, 0.33519839875127133, 0.3342674350194214, 0.3333420101775822, 0.3324221507097194, 0.3315078794861578, 0.33059921590354885, 0.3296961760268968, 0.3287987727330318, 0.3279070158549374, 0.32702091232636893, 0.3261404663262231, 0.3252656794221477, 0.3243965507129056, 0.3235330769690475, 0.3226752527714635, 0.32182307064742954, 0.3209765212037842, 0.32013559325691376, 0.31930027395924143, 0.31847054892196386, 0.31764640233379426, 0.3168278170755069, 0.31601477483011386, 0.3152072561885185, 0.31440524075053183, 0.313608707221155, 0.3128176335020632, 0.31203199677824356, 0.3112517735997694, 0.3104769399587069, 0.30970747136118393, 0.30894334289464875, 0.3081845292903907, 0.3074310049813844, 0.3066827441555564, 0.305939720804574, 0.3052019087682706, 0.30446928177483884, 0.3037418134769262, 0.3030194774837806, 0.3023022473895981, 0.3015900967982358, 0.30088299934445645, 0.30018092871186947, 0.29948385864775057, 0.298791762974911, 0.29810461560079615, 0.2974223905239922, 0.2967450618383197, 0.29607260373469235, 0.2954049905009174, 0.2947421965196105, 0.29408419626440047, 0.2934309642945862, 0.2927824752484176, 0.29213870383515095, 0.29149962482604613, 0.2908652130444434, 0.29023544335507456, 0.2896102906527417, 0.28898972985049776, 0.28837373586745807, 0.28776228361636047, 0.28715534799098996, 0.2865529038535743, 0.285954926022252, 0.28536138925870674, 0.2847722682560553, 0.28418753762707033, 0.28360717189281226, 0.2830311454717357, 0.28245943266933615, 0.2818920076683876, 0.28132884451982043, 0.2807699171342857, 0.28021519927443855, 0.27966466454797184, 0.2791182864014317, 0.27857603811482656, 0.27803789279705254, 0.27750382338214225, 0.2769738026263431, 0.27644780310602857, 0.27592579721643873, 0.27540775717124355, 0.2748936550029216, 0.274383462563939, 0.2738771515287107, 0.273374693396331, 0.27287605949404603, 0.2723812209814466, 0.27189014885535523, 0.27140281395538035, 0.27091918697010414, 0.27043923844388185, 0.2699629387842067, 0.26949025826962236, 0.26902116705813395, 0.2685556351960978, 0.26809363262753994, 0.2676351292038792, 0.26718009469401294, 0.266728498794732, 0.2662803111414283, 0.26583550131906003, 0.2653940388733401, 0.26495589332211344, 0.2645210341668854, 0.2640894309044762, 0.26366105303876075, 0.2632358700924677, 0.2628138516190047, 0.2623949672142813, 0.26197918652850005, 0.2615664792778913, 0.26115681525636, 0.2607501643470262, 0.26034649653362907, 0.2599457819117768, 0.2595479907000171, 0.2591530932507134, 0.25876106006069854, 0.25837186178170013, 0.2579854692305124, 0.25760185339890224, 0.2572209854632358, 0.25684283679381376, 0.25646737896390104, 0.2560945837584431, 0.2557244231824579, 0.2553568694690985, 0.25499189508737297, 0.25462947274952363, 0.254269575418054, 0.25391217631240404, 0.25355724891526676, 0.2532047669785479, 0.25285470452896475, 0.2525070358732842, 0.25216173560320243, 0.2518187785998635, 0.2514781400380226, 0.2511397953898543, 0.2508037204284092, 0.25046989123072516, 0.2501382841805919, 0.24980887597098156, 0.2494816436061437, 0.24915656440337383, 0.24883361599446321, 0.24851277632683394]",C0340
10,10,linear,42,200,34.03476050000063,0.2264042509659082,0.05506817993443076,False,"[0.3624257245175705, 0.3609598316661423, 0.3595061743605051, 0.35806449064112006, 0.3566345374774568, 0.3552160905513569, 0.35380894396932894, 0.3524129099074293, 0.35102781819251294, 0.3496535158237687, 0.3482898664385844, 0.3469367497269048, 0.34559406079836735, 0.34426170950659774, 0.34293961973514253, 0.34162772864959007, 0.340325985920486, 0.3390343529216847, 0.3377528019087953, 0.3364813151823639, 0.3352198842404036, 0.33396850892481644, 0.3327271965661699, 0.3314959611311676, 0.3302748223770219, 0.3290638050167641, 0.3278629378993443, 0.32667225320815807, 0.32549178568140713, 0.32432157185745464, 0.3231616493480665, 0.3220120561421572, 0.3208728299423666, 0.319744007536507, 0.3186256242056093, 0.31751771317000926, 0.31642030507460617, 0.3153334275141366, 0.3142571045990158, 0.31319135656202257, 0.3121361994058291, 0.31109164459113225, 0.3100576987648974, 0.3090343635280007, 0.30802163524135573, 0.30701950486942253, 0.3060279578598222, 0.3050469740576408, 0.3040765276528761, 0.30311658715936013, 0.30216711542342356, 0.30122806966046983, 0.3002994015175962, 0.2993810571603518, 0.29847297738170536, 0.297575097731294, 0.29668734866303137, 0.29580965569917894, 0.29494193960901915, 0.2940841166003116, 0.2932360985217749, 0.2923977930748891, 0.29156910403339686, 0.290749931468942, 0.2899401719813783, 0.28913971893235135, 0.28834846268085473, 0.28756629081953855, 0.2867930884106435, 0.2860287382205192, 0.2852731209517739, 0.2845261154721839, 0.2837875990395894, 0.28305744752206285, 0.28233553561273955, 0.2816217370387544, 0.2809159247638211, 0.2802179711840423, 0.2795277483166145, 0.27884512798115424, 0.27816998197341936, 0.2775021822312646, 0.27684160099271854, 0.276188110946105, 0.27554158537218565, 0.27490189827833866, 0.27426892452481233, 0.2736425399431389, 0.27302262144680645, 0.27240904713433045, 0.2718016963848676, 0.27120044994655224, 0.27060519001773964, 0.2700158003213608, 0.26943216617260624, 0.26885417454015725, 0.2682817141012024, 0.2677146752904753, 0.26715295034355335, 0.26659643333466576, 0.26604502020925436, 0.2654986088115316, 0.2649570989072849, 0.26442039220216457, 0.26388839235569644, 0.2633610049912567, 0.2628381377022362, 0.2623197000546226, 0.2618056035862212, 0.26129576180272324, 0.26079009017083876, 0.2602885061086871, 0.25979092897364153, 0.25929728004781943, 0.25880748252139396, 0.2583214614738993, 0.2578391438537018, 0.2573604584557889, 0.2568853358980329, 0.25641370859606655, 0.25594551073692157, 0.2554806782515434, 0.2550191487863229, 0.25456086167375064, 0.2541057579023113, 0.25365378008572137, 0.25320487243160716, 0.25275898070972275, 0.25231605221978504, 0.2518760357590196, 0.2514388815894835, 0.2510045414052461, 0.2505729682994887, 0.25014411673158793, 0.24971794249424165, 0.249294402680689, 0.24887345565207655, 0.24845506100501522, 0.24803917953937066, 0.24762577322632753, 0.24721480517676073, 0.24680623960994613, 0.24640004182264513, 0.24599617815858252, 0.24559461597834828, 0.24519532362974, 0.24479827041856903, 0.24440342657994588, 0.2440107632500598, 0.24362025243846414, 0.24323186700088328, 0.2428455806125469, 0.24246136774205804, 0.24207920362580887, 0.24169906424293947, 0.24132092629085006, 0.24094476716126945, 0.24057056491687515, 0.24019829826847258, 0.2398279465527274, 0.23945948971045428, 0.23909290826545546, 0.23872818330390694, 0.2383652964542935, 0.2380042298678778, 0.23764496619971154, 0.23728748859017315, 0.23693178064702605, 0.23657782642800185, 0.23622561042388618, 0.23587511754211493, 0.23552633309085894, 0.23517924276360316, 0.23483383262419996, 0.23449008909239807, 0.23414799892983273, 0.23380754922646876, 0.23346872738749255, 0.23313152112063573, 0.23279591842393202, 0.2324619075738858, 0.23212947711405638, 0.2317986158440382, 0.23146931280883282, 0.2311415572886019, 0.23081533878879493, 0.23049064703063715, 0.23016747194197168, 0.2298458036484506, 0.2295256324650555, 0.2292069488879515, 0.22888974358665198, 0.22857400739650036, 0.22825973131144597, 0.22794690647711566, 0.22763552418416483, 0.2273255758619086, 0.2270170530722136, 0.226709947503653, 0.2264042509659082]",C0341
10,10,linear,43,200,34.28190779999932,0.1716737806990683,0.055297699532934376,False,"[0.31549662839328624, 0.314338570528686, 0.31318047419440076, 0.3120224103658196, 0.31086445303136284, 0.3097066793483679, 0.3085491697854009, 0.30739200824985174, 0.3062352821997348, 0.30507908273869716, 0.3039235046933146, 0.30276864667185477, 0.3016146111037783, 0.30046150425936113, 0.29930943624893097, 0.29815852100132795, 0.2970088762213296, 0.29586062332589724, 0.29471388735924364, 0.2935687968868476, 0.29242548386867856, 0.29128408351203067, 0.2901447341044991, 0.28900757682776274, 0.28787275555297004, 0.28674041661864574, 0.2856107085921578, 0.28448378201589625, 0.2833597891394194, 0.2822388836389193, 0.28112122032544484, 0.2800069548433938, 0.27889624336085234, 0.2777892422534084, 0.2766861077831072, 0.27558699577423973, 0.27449206128767084, 0.27340145829540946, 0.2723153393571124, 0.27123385530018096, 0.27015715490507514, 0.2690853845974135, 0.2680186881483646, 0.26695720638475956, 0.2659010769102748, 0.26485043383893275, 0.26380540754207515, 0.2627661244098488, 0.26173270662813536, 0.2607052719717321, 0.2596839336144749, 0.25866879995687275, 0.25765997447168904, 0.25665755556779773, 0.25566163647250634, 0.2546723051324281, 0.25368964413286743, 0.25271373063557195, 0.2517446363346004, 0.2507824274299586, 0.24982716461856094, 0.24887890310198948, 0.24793769261045254, 0.2470035774422656, 0.2460765965181262, 0.24515678344939515, 0.24424416661955384, 0.24333876927797832, 0.24244060964512637, 0.2415497010282371, 0.2406660519466021, 0.23978966626549236, 0.2389205433377936, 0.23805867815244156, 0.23720406148873668, 0.236356680075651, 0.2355165167552576, 0.23468355064944185, 0.23385775732908437, 0.23303910898493974, 0.23222757459947338, 0.23142312011895716, 0.23062570862516632, 0.22983530050605988, 0.22905185362487587, 0.22827532348711116, 0.22750566340489842, 0.2267428246583429, 0.22598675665342172, 0.22523740707608328, 0.22449472204224125, 0.2237586462433825, 0.22302912308755474, 0.2223060948355376, 0.22158950273202924, 0.22087928713172517, 0.22017538762018285, 0.2194777431294122, 0.2187862920481461, 0.2181009723267783, 0.21742172157697714, 0.21674847716600826, 0.21608117630581472, 0.21541975613692732, 0.21476415380728628, 0.21411430654608052, 0.21347015173271194, 0.21283162696101438, 0.2121986700988559, 0.21157121934327275, 0.21094921327127927, 0.2103325908865116, 0.2097212916618636, 0.20911525557827626, 0.20851442315984742, 0.2079187355054271, 0.20732813431686078, 0.2067425619240549, 0.20616196130701794, 0.20558627611505237, 0.20501545068324548, 0.20444943004642502, 0.20388815995073237, 0.20333158686295869, 0.20277965797779612, 0.20223232122314175, 0.20168952526359357, 0.2011512195022699, 0.20061735408107925, 0.20008787987956295, 0.199562748512427, 0.19904191232587826, 0.19852532439286383, 0.19801293850732443, 0.19750470917755286, 0.1970005916187439, 0.19650054174483345, 0.1960045161596988, 0.1955124721477957, 0.19502436766431122, 0.1945401613248922, 0.19405981239501502, 0.19358328077905473, 0.19311052700910555, 0.1926415122336067, 0.19217619820581539, 0.19171454727217346, 0.19125652236060475, 0.1908020869687777, 0.19035120515237172, 0.18990384151336917, 0.18945996118840527, 0.18901952983719975, 0.18858251363108927, 0.18814887924168325, 0.18771859382965778, 0.18729162503370494, 0.18686794095964837, 0.18644751016973987, 0.1860303016721421, 0.1856162849106123, 0.18520542975438575, 0.18479770648827215, 0.18439308580296437, 0.1839915387855643, 0.1835930369103304, 0.18319755202964166, 0.18280505636518832, 0.18241552249937992, 0.18202892336697665, 0.18164523224693524, 0.18126442275447832, 0.1808864688333725, 0.18051134474842095, 0.1801390250781655, 0.17976948470779042, 0.17940269882223195, 0.17903864289948196, 0.17867729270408483, 0.17831862428082762, 0.17796261394860874, 0.17760923829449213, 0.17725847416793356, 0.176910298675181, 0.17656468917383986, 0.17622162326759863, 0.17588107880111895, 0.1755430338550693, 0.17520746674131565, 0.1748743559982514, 0.17454368038627058, 0.1742154188833744, 0.17388955068091294, 0.17356605517945037, 0.17324491198475833, 0.17292610090392707, 0.1726096019415928, 0.17229539529628068, 0.17198346135685338, 0.1716737806990683]",C0342
10,10,linear,44,200,38.73809040000015,0.1872922962598606,0.06729033678959338,False,"[0.34707153339896574, 0.34567778521533976, 0.34429288904369754, 0.3429168282150423, 0.34154958425800236, 0.3401911368562028, 0.3388414638171576, 0.3375005410522595, 0.33616834256742334, 0.33484484046391105, 0.3335300049488495, 0.3322238043549251, 0.33092620516872806, 0.3296371720671958, 0.3283566679615983, 0.32708465404848697, 0.3258210898670299, 0.3245659333621365, 0.323319140952782, 0.32208066760492954, 0.320850466908454, 0.3196284911574716, 0.31841469143348405, 0.31720901769075377, 0.3160114188433399, 0.31482184285322834, 0.31364023681901554, 0.3124665470646147, 0.3113007192274721, 0.3101426983458089, 0.3089924289444209, 0.30784985511859836, 0.306714920615751, 0.30558756891435623, 0.304467743299877, 0.3033553869373259, 0.30225044294018694, 0.3011528544354378, 0.30006256462445313, 0.298979516839597, 0.2979036545963581, 0.2968349216409039, 0.2957732619929756, 0.29471861998407334, 0.2936709402909192, 0.2926301679642123, 0.29159624845272963, 0.2905691276228527, 0.2895487517736292, 0.28853506764750647, 0.2875280224369018, 0.28652756378679545, 0.2855336397935551, 0.2845461990002203, 0.2835651903884918, 0.28259056336768873, 0.28162226776094285, 0.28066025378891546, 0.27970447205132765, 0.27875487350659733, 0.2778114094498863, 0.27687403148984774, 0.27594269152438133, 0.27501734171568043, 0.27409793446486075, 0.2731844223864493, 0.2722767582829984, 0.271374895120084, 0.27047878600192976, 0.2695883841478825, 0.2687036428699521, 0.26782451555161296, 0.26695095562803867, 0.26608291656793204, 0.2652203518570868, 0.26436321498380344, 0.263511459426256, 0.26266503864189306, 0.2618239060589338, 0.26098801506999963, 0.2601573190279084, 0.25933177124363527, 0.25851132498642954, 0.2576959334860619, 0.25688554993715573, 0.2560801275055522, 0.25527961933663096, 0.25448397856551136, 0.25369315832903927, 0.2529071117794521, 0.25212579209961955, 0.2513491525197344, 0.25057714633533285, 0.24980972692651354, 0.24904684777822378, 0.248288462501476, 0.2475345248553605, 0.24678498876971405, 0.24603980836831116, 0.24529893799244068, 0.2445623322247374, 0.2438299459131396, 0.24310173419484418, 0.24237765252014412, 0.24165765667602904, 0.2409417028094408, 0.24022974745008147, 0.23952174753267347, 0.23881766041858926, 0.23811744391675754, 0.23742105630377836, 0.2367284563431758, 0.23603960330372567, 0.23535445697680632, 0.23467297769272705, 0.2339951263359898, 0.23332086435945917, 0.23265015379740744, 0.2319829572774219, 0.2313192380311581, 0.23065895990393326, 0.23000208736315883, 0.22934858550561898, 0.2286984200635985, 0.22805155740988284, 0.22740796456164053, 0.226767609183215, 0.22613045958785424, 0.22549648473839992, 0.22486565424697608, 0.2242379383737092, 0.22361330802451382, 0.22299173474798936, 0.2223731907314606, 0.22175764879620957, 0.22114508239193884, 0.22053546559050935, 0.219928773078996, 0.2193249801521057, 0.2187240627040017, 0.2181259972195754, 0.2175307607652101, 0.21693833097907694, 0.21634868606100843, 0.2157618047619833, 0.2151776663732658, 0.2145962507152376, 0.2140175381259565, 0.2134415094494782, 0.212868146023974, 0.21229742966967774, 0.2117293426766913, 0.21116386779267735, 0.21060098821046874, 0.21004068755561592, 0.20948294987390384, 0.208927759618852, 0.2083751016392254, 0.20782496116657487, 0.20727732380282027, 0.20673217550790005, 0.20618950258749877, 0.2056492916808638, 0.2051115297487336, 0.20457620406137494, 0.20404330218675462, 0.20351281197884313, 0.2029847215660657, 0.20245901933990437, 0.20193569394366145, 0.20141473426138642, 0.20089612940697327, 0.2003798687134321, 0.19986594172234137, 0.19935433817347695, 0.19884504799463193, 0.19833806129161666, 0.1978333683384525, 0.19733095956775265, 0.19683082556129397, 0.1963329570407849, 0.19583734485882062, 0.19534397999003694, 0.1948528535224543, 0.19436395664901812, 0.19387728065933216, 0.19339281693158653, 0.19291055692467976, 0.19243049217053448, 0.19195261426660826, 0.19147691486859578, 0.19100338568332773, 0.19053201846185883, 0.19006280499275388, 0.18959573709556135, 0.18913080661448428, 0.18866800541224, 0.18820732536411391, 0.1877487583522046, 0.1872922962598606]",C0343
10,10,linear,45,200,39.758795499999906,0.0943573931693133,0.04068939717539088,False,"[0.16719042258423503, 0.16651186449563915, 0.16583548046015514, 0.16516137103539935, 0.164489634562962, 0.16382036709444375, 0.16315366232284884, 0.1624896115193808, 0.16182830347567806, 0.16116982445149985, 0.16051425812785455, 0.15986168556554525, 0.1592121851690877, 0.15856583265593827, 0.15792270103095374, 0.157282860565989, 0.15664637878452625, 0.15601332045121055, 0.15538374756616075, 0.15475771936391058, 0.15413529231682382, 0.15351652014282094, 0.15290145381724482, 0.15229014158868873, 0.1516826289986021, 0.15107895890448636, 0.15047917150649082, 0.14988330437721212, 0.1492913924945068, 0.14870346827711697, 0.14811956162291728, 0.14753969994958738, 0.14696390823751976, 0.1463922090747727, 0.14582462270388175, 0.14526116707034972, 0.14470185787263573, 0.14414670861347187, 0.1435957306523386, 0.14304893325893847, 0.1425063236675111, 0.14196790713184063, 0.14143368698081146, 0.14090366467437573, 0.14037783985980223, 0.13985621042808344, 0.13933877257038402, 0.13882552083441985, 0.13831644818066477, 0.13781154603828924, 0.13731080436073811, 0.13681421168086638, 0.1363217551655535, 0.13583342066972495, 0.13534919278971647, 0.1348690549159198, 0.13439298928465518, 0.13392097702922387, 0.1334529982300936, 0.13298903196417994, 0.13252905635318774, 0.1320730486109836, 0.1316209850899726, 0.13117284132645718, 0.13072859208496007, 0.13028821140149763, 0.1298516726257896, 0.1294189484623985, 0.12899001101079266, 0.12856483180433048, 0.1281433818481638, 0.12772563165606318, 0.12731155128617005, 0.12690111037567833, 0.12649427817445658, 0.12609102357761717, 0.1256913151570438, 0.12529512119189007, 0.12490240969806121, 0.12451314845669167, 0.1241273050416373, 0.12374484684599403, 0.12336574110766134, 0.122989954933968, 0.12261745532537678, 0.1222482091982863, 0.12188218340694956, 0.12151934476452601, 0.1211596600632888, 0.12080309609400267, 0.12044961966449627, 0.12009919761744428, 0.11975179684738047, 0.11940738431696174, 0.11906592707250034, 0.1187273922587854, 0.11839174713321265, 0.11805895907923827, 0.11772899561918146, 0.11740182442638765, 0.11707741333677527, 0.11675573035978311, 0.11643674368873402, 0.1161204217106359, 0.11580673301543445, 0.11549564640473546, 0.1151871309000148, 0.11488115575033035, 0.11457769043955321, 0.11427670469313352, 0.11397816848441669, 0.11368205204052584, 0.11338832584782262, 0.11309696065696487, 0.11280792748757232, 0.11252119763251436, 0.11223674266183707, 0.11195453442633625, 0.11167454506079617, 0.11139674698690219, 0.11112111291584179, 0.11084761585060432, 0.11057622908799339, 0.11030692622036091, 0.11003968113707616, 0.10977446802573923, 0.10951126137314911, 0.1092500359660391, 0.10899076689158597, 0.10873342953770641, 0.10847799959314623, 0.10822445304737474, 0.10797276619029224, 0.10772291561175844, 0.1074748782009504, 0.10722863114556017, 0.10698415193083644, 0.10674141833848157, 0.10650040844540867, 0.10626110062236722, 0.1060234735324449, 0.10578750612944916, 0.1055531776561806, 0.10532046764259877, 0.10508935590388964, 0.10485982253844033, 0.10463184792572693, 0.104405412724119, 0.10418049786860924, 0.10395708456847101, 0.10373515430484867, 0.1035146888282884, 0.10329567015620973, 0.10307808057032597, 0.10286190261401562, 0.10264711908964985, 0.10243371305587992, 0.10222166782488726, 0.10201096695960177, 0.10180159427088993, 0.1015935338147178, 0.1013867698892903, 0.10118128703217129, 0.10097707001738769, 0.10077410385251737, 0.10057237377576911, 0.10037186525305013, 0.10017256397503194, 0.09997445585420751, 0.09977752702195065, 0.09958176382557402, 0.0993871528253906, 0.09919368079177862, 0.09900133470225392, 0.09881010173854995, 0.09861996928370706, 0.09843092491917371, 0.0982429564219201, 0.09805605176156611, 0.0978701990975243, 0.09768538677615993, 0.09750160332796859, 0.09731883746477346, 0.09713707807694141, 0.09695631423062041, 0.09677653516499922, 0.09659773028958964, 0.0964198891815313, 0.09624300158292148, 0.09606705739816912, 0.095892046691375, 0.09571795968373623, 0.09554478675097963, 0.09537251842082003, 0.09520114537044642, 0.09503065842403587, 0.09486104855029623, 0.09469230686003592, 0.09452442460376298, 0.0943573931693133]",C0344
10,10,linear,46,200,34.305260900000576,0.1776473061090909,0.06711310246640448,False,"[0.37192813089193877, 0.36979971052434574, 0.36768527476304846, 0.36558477438233217, 0.36349816186259926, 0.3614253937423861, 0.35936643275829355, 0.35732124976073665, 0.35528982539605203, 0.35327215154812647, 0.35126823253527995, 0.34927808606067273, 0.34730174391696356, 0.34533925244832664, 0.3433906727752214, 0.3414560807894785, 0.3395355669292939, 0.33762923574562814, 0.33573720527321377, 0.3338596062209289, 0.3319965809976325, 0.3301482825906941, 0.32831487331536635, 0.3264965234538342, 0.32469340980322225, 0.322905714152063, 0.32113362170470294, 0.31937731947287906, 0.31763699465323125, 0.31591283300882994, 0.3142050172719405, 0.31251372558420026, 0.31083912998917984, 0.30918139499099156, 0.30754067619116665, 0.30591711901451635, 0.30431085753313647, 0.30272201339611654, 0.30115069487092827, 0.2995969960008913, 0.29806099588158885, 0.29654275805763336, 0.2950423300397983, 0.29355974294123566, 0.29209501123031173, 0.29064813259652517, 0.28921908792502066, 0.2878078413743856, 0.2864143405517339, 0.28503851677850045, 0.28368028543993884, 0.2823395464109837, 0.2810161845509368, 0.27971007025932637, 0.2784210600852811, 0.2771489973828546, 0.2758937130048741, 0.2746550260281383, 0.27343274450305743, 0.2722266662211742, 0.2710365794943746, 0.2698622639400025, 0.2687034912665182, 0.2675600260547828, 0.2664316265304926, 0.26531804532374614, 0.26421903021216064, 0.2631343248443894, 0.262063669441318, 0.26100680147261873, 0.2599634563067181, 0.25893336783261045, 0.2579162690522717, 0.2569118926427573, 0.25591997148734774, 0.25494023917537423, 0.2539724304705993, 0.2530162817482339, 0.25207153140087835, 0.2511379202138282, 0.2502151917103502, 0.2493030924676412, 0.24840137240431348, 0.247509785040318, 0.24662808773030914, 0.24575604187149516, 0.24489341308708257, 0.24403997138643377, 0.2431954913030963, 0.24235975201185744, 0.24153253742599148, 0.24071363627585188, 0.23990284216994998, 0.2390999536396475, 0.23830477416855392, 0.23751711220770977, 0.23673678117758631, 0.23596359945790563, 0.2351973903662548, 0.23443798212641806, 0.23368520782731425, 0.23293890537339412, 0.23219891742729953, 0.23146509134555546, 0.23073727910801684, 0.23001533724176376, 0.22929912674008324, 0.22858851297715166, 0.2278833656189872, 0.22718355853120514, 0.22648896968407653, 0.2257994810553572, 0.2251149785313134, 0.22443535180635502, 0.22376049428163713, 0.22309030296298213, 0.22242467835843352, 0.22176352437573327, 0.2211067482199894, 0.2204542602917748, 0.21980597408588215, 0.2191618060909331, 0.21852167569002473, 0.21788550506257787, 0.21725321908753506, 0.21662474524803618, 0.2160000135376896, 0.21537895636854612, 0.21476150848085945, 0.2141476068547131, 0.2135371906235835, 0.21293020098989263, 0.2123265811425988, 0.21172627617686463, 0.2111292330158317, 0.21053540033452145, 0.2099447284858902, 0.2093571694290282, 0.20877267665952642, 0.2081912051419966, 0.20761271124474154, 0.2070371526765698, 0.20646448842573087, 0.20589467870095973, 0.20532768487460684, 0.20476346942782583, 0.20420199589779534, 0.20364322882694386, 0.20308713371414347, 0.2025336769678426, 0.20198282586109562, 0.20143454848846037, 0.20088881372471729, 0.2003455911853762, 0.19980485118892566, 0.19926656472078835, 0.19873070339893692, 0.19819723944112558, 0.19766614563370255, 0.1971373953019514, 0.19661096228192237, 0.1960868208937095, 0.19556494591612722, 0.1950453125627491, 0.19452789645925628, 0.19401267362206123, 0.19349962043815633, 0.1929887136461537, 0.19247993031845986, 0.19197324784456182, 0.19146864391536306, 0.1909660965085498, 0.19046558387492593, 0.18996708452569444, 0.18947057722063426, 0.188976040957142, 0.18848345496009591, 0.18799279867250696, 0.1875040517469199, 0.18701719403752928, 0.18653220559297604, 0.18604906664978932, 0.18556775762643948, 0.18508825911797383, 0.18461055189119757, 0.18413461688037477, 0.18366043518341374, 0.18318798805851433, 0.18271725692124016, 0.18224822334199867, 0.1817808690438889, 0.1813151759009077, 0.18085112593647315, 0.18038870132225293, 0.17992788437726584, 0.17946865756724212, 0.17901100350421187, 0.17855490494631082, 0.17810034479777112, 0.1776473061090909]",C0345
10,10,ring,42,200,34.88733030000003,0.2373275504132435,0.05808653214959667,False,"[0.3778817014168285, 0.3768078771125491, 0.37573815429462604, 0.3746725547748961, 0.37361109639333273, 0.37255379317604803, 0.37150065549443007, 0.37045169022494095, 0.3694069009091424, 0.3683662879135449, 0.36732984858891893, 0.36629757742873625, 0.36526946622644757, 0.36424550423132385, 0.3632256783026333, 0.36220997306193875, 0.3611983710433335, 0.36019085284145896, 0.3591873972571632, 0.35818798144068464, 0.35719258103226065, 0.35620117030007636, 0.3552137222754869, 0.35423020888545154, 0.3532506010821373, 0.3522748689696536, 0.35130298192788445, 0.3503349087334006, 0.3493706176774267, 0.34841007668085133, 0.34745325340626565, 0.3465001153670183, 0.3455506300332757, 0.3446047649350757, 0.34366248776236274, 0.34272376646198743, 0.341788569331657, 0.34085686511081587, 0.33992862306843447, 0.3390038130876811, 0.3380824057474497, 0.3371643724007107, 0.3362496852496521, 0.33533831741757153, 0.33443024301748014, 0.3335254372173756, 0.3326238763021375, 0.3317255377319997, 0.3308304001975506, 0.32993844367121145, 0.32904964945514414, 0.3281640002255365, 0.3272814800732175, 0.32640207454055636, 0.32552577065459476, 0.3246525569563734, 0.3237824235264118, 0.32291536200630455, 0.32205136561640163, 0.32119042916955004, 0.32033254908087166, 0.3194777233735674, 0.31862595168073765, 0.317777235243223, 0.31693157690347046, 0.3160889810954465, 0.31524945383062053, 0.3144130026800571, 0.3135796367526625, 0.31274936666964076, 0.31192220453522757, 0.3110981639037777, 0.31027725974329406, 0.30945950839549774, 0.30864492753254646, 0.30783353611052205, 0.30702535431981587, 0.30622040353255325, 0.3054187062472049, 0.30462028603054614, 0.3038251674571284, 0.30303337604644376, 0.3022449381979605, 0.301459881124227, 0.300678232782234, 0.299900021803246, 0.2991252774213006, 0.2983540294005961, 0.2975863079619764, 0.2968221437087297, 0.2960615675519264, 0.29530461063550434, 0.2945513042613296, 0.2938016798144418, 0.2930557686887024, 0.29231360221305663, 0.29157521157861227, 0.2908406277667432, 0.29010988147840533, 0.28938300306486153, 0.28866002245999167, 0.28794096911436384, 0.28722587193122967, 0.2865147592046002, 0.2858076585595452, 0.2851045968948532, 0.28440560032817375, 0.28371069414375516, 0.2830199027428785, 0.28233324959707784, 0.2816507572042238, 0.28097244704753443, 0.28029833955757033, 0.27962845407725195, 0.27896280882993213, 0.27830142089054, 0.27764430615980545, 0.2769914793415572, 0.2763429539230823, 0.2756987421585215, 0.27505885505526456, 0.27442330236330037, 0.27379209256747206, 0.27316523288257033, 0.27254272925120004, 0.2719245863443368, 0.27131080756450043, 0.27070139505144064, 0.2700963496902541, 0.2694956711218239, 0.26889935775547874, 0.2683074067837647, 0.26771981419921803, 0.2671365748130245, 0.2665576822754498, 0.2659831290979238, 0.2654129066766628, 0.26484700531770633, 0.26428541426325763, 0.26372812171920346, 0.26317511488370265, 0.26262637997672483, 0.2620819022704247, 0.26154166612025054, 0.2610056549966661, 0.26047385151739, 0.2599462374800451, 0.2594227938951234, 0.2589035010191679, 0.25838833838808073, 0.25787728485047173, 0.25737031860096177, 0.25686741721336254, 0.25636855767365785, 0.2558737164127172, 0.2553828693386698, 0.25489599186888423, 0.2544130589614888, 0.25393404514638734, 0.25345892455571, 0.2529876709536656, 0.2525202577657472, 0.25205665810725547, 0.25159684481110806, 0.2511407904549057, 0.25068846738722755, 0.2502398477531375, 0.2497949035188781, 0.24935360649574378, 0.24891592836311144, 0.24848184069063323, 0.2480513149595704, 0.24762432258327846, 0.2472008349268317, 0.246780823325797, 0.24636425910415696, 0.24595111359139032, 0.2455413581387118, 0.24513496413449537, 0.24473190301887243, 0.24433214629753852, 0.24393566555476678, 0.2435424324656536, 0.2431524188076119, 0.24276559647112386, 0.2423819374697828, 0.2420014139496333, 0.24162399819783623, 0.24124966265067815, 0.24087837990094604, 0.24051012270468902, 0.24014486398738924, 0.2397825768495653, 0.23942323457182998, 0.23906681061942164, 0.23871327864623973, 0.2383626124983956, 0.23801478621731337, 0.23766977404238906, 0.2373275504132435]",C0346
10,10,ring,43,200,34.88772760000029,0.19905337515747673,0.05104018761803883,False,"[0.3320047300182067, 0.33065742332038667, 0.32931178465066796, 0.32796812496707745, 0.32662675629729493, 0.3252879912490416, 0.3239521425088057, 0.32261952233117863, 0.32129044202116014, 0.31996521141185974, 0.3186441383400662, 0.3173275281221831, 0.31601568303302385, 0.3147089017899517, 0.31340747904479593, 0.31211170488592543, 0.31082186435277237, 0.30953823696500676, 0.3082610962684392, 0.306990709399607, 0.3057273366708455, 0.30447123117749875, 0.30322263842874964, 0.30198179600338376, 0.30074893323161456, 0.29952427090391864, 0.29830802100764486, 0.2971003864919695, 0.2959015610615962, 0.2947117289994108, 0.2935310650181303, 0.29235973414081656, 0.29119789160996384, 0.29004568282472015, 0.2889032433056554, 0.2877706986863656, 0.28664816473107596, 0.2855357473773036, 0.28443354280253896, 0.28334163751382657, 0.2822601084590527, 0.2811890231586844, 0.28012843985666724, 0.27907840768913766, 0.2780389668695979, 0.2770101488891747, 0.2759919767305836, 0.27498446509442653, 0.27398762063646137, 0.2730014422145046, 0.27202592114365687, 0.2710610414585769, 0.27010678018156525, 0.2691631075952738, 0.26822998751889393, 0.2673073775867416, 0.2663952295282038, 0.2654934894480723, 0.2646020981063532, 0.26372099119669284, 0.26285009962263, 0.2619893497709379, 0.2611386637813863, 0.2602979598123056, 0.2594671523014017, 0.2586461522213214, 0.2578348673295218, 0.25703320241205674, 0.2562410595209394, 0.25545833820478886, 0.2546849357325163, 0.2539207473098502, 0.25316566628854054, 0.2524195843681216, 0.25168239179014723, 0.25095397752484816, 0.25023422945019275, 0.2495230345233574, 0.24882027894464304, 0.2481258483138967, 0.24743962777951795, 0.24676150218015022, 0.24609135617917613, 0.24542907439214656, 0.24477454150729416, 0.2441276423992845, 0.24348826223637893, 0.24285628658118036, 0.2422316014851517, 0.24161409357709207, 0.24100365014576702, 0.24040015921689256, 0.23980350962466823, 0.23921359107806536, 0.2386302942220675, 0.23805351069406905, 0.23748313317562847, 0.23691905543977532, 0.23636117239406934, 0.2358093801196012, 0.2352635759061262, 0.234723658283519, 0.2341895270497279, 0.2336610832954089, 0.23313822942541199, 0.23262086917728536, 0.2321089076369681, 0.23160225125182002, 0.23110080784114953, 0.23060448660438326, 0.2301131981270223, 0.22962685438452118, 0.22914536874422203, 0.22866865596547098, 0.22819663219803893, 0.22772921497896154, 0.22726632322791515, 0.22680787724122617, 0.22635379868462585, 0.22590401058484044, 0.22545843732011236, 0.22501700460973972, 0.2245796395027166, 0.22414627036555643, 0.22371682686937006, 0.22329123997627126, 0.22286944192517816, 0.222451366217072, 0.22203694759977557, 0.22162612205230586, 0.22121882676885546, 0.22081500014245242, 0.22041458174834502, 0.22001751232715644, 0.2196237337678515, 0.21923318909054967, 0.21884582242922757, 0.21846157901433605, 0.2180804051553718, 0.2177022482234249, 0.21732705663373397, 0.21695477982827277, 0.216585368258389, 0.21621877336751982, 0.2158549475740012, 0.21549384425398993, 0.21513541772451328, 0.21477962322666283, 0.2144264169089442, 0.2140757558107969, 0.21372759784629086, 0.213381901788016, 0.21303862725116654, 0.21269773467783204, 0.21235918532150028, 0.2120229412317777, 0.2116889652393319, 0.21135722094106185, 0.211027672685497, 0.21070028555842896, 0.2103750253687778, 0.21005185863469422, 0.20973075256989904, 0.2094116750702569, 0.20909459470059105, 0.2087794806817312, 0.2084663028777965, 0.20815503178371458, 0.20784563851296917, 0.20753809478558255, 0.2072323729163207, 0.2069284458031267, 0.2066262869157754, 0.20632587028474741, 0.20602717049032102, 0.20573016265187274, 0.20543482241739291, 0.20514112595320122, 0.2048490499338702, 0.20455857153234067, 0.20426966841023755, 0.2039823187083718, 0.20369650103743048, 0.2034121944688508, 0.20312937852586907, 0.20284803317474745, 0.2025681388161705, 0.20228967627680622, 0.20201262680103094, 0.20173697204281432, 0.20146269405775538, 0.20118977529527213, 0.2009181985909369, 0.20064794715895476, 0.20037900458478136, 0.2001113548178767, 0.19984498216459104, 0.199579871281179, 0.19931600716693973, 0.19905337515747673]",C0347
10,10,ring,44,200,34.78341979999823,0.22051855502620246,0.05074264061165376,False,"[0.32770596777186867, 0.32660853471689266, 0.3255169104472302, 0.3244311882807623, 0.32335146097821277, 0.3222778206062976, 0.3212103583968712, 0.3201491646028703, 0.31909432835186885, 0.3180459374980452, 0.3170040784733655, 0.31596883613876026, 0.3149402936360712, 0.31391853224150296, 0.3129036312213109, 0.31189566769040133, 0.31089471647451095, 0.30990084997657785, 0.3089141380478875, 0.307934647864532, 0.30696244380967685, 0.30599758736209065, 0.3050401369913361, 0.3040901480599875, 0.3031476727331821, 0.3022127598957724, 0.301285455077296, 0.30036580038493554, 0.29945383444459606, 0.29854959235018286, 0.2976531056211177, 0.2967644021680962, 0.29588350626704607, 0.2950104385412063, 0.29414521595122106, 0.29328785179309896, 0.2924383557038668, 0.29159673367471306, 0.2907629880713959, 0.28993711766166064, 0.2891191176494015, 0.28830897971527525, 0.28750669206346124, 0.2867122394742546, 0.28592560336216166, 0.28514676183916216, 0.28437568978279615, 0.28361235890872794, 0.2828567378474403, 0.2821087922247082, 0.28136848474550374, 0.2806357752809911, 0.2799106209582687, 0.2791929762525243, 0.27848279308127943, 0.2777800209004005, 0.27708460680157043, 0.2763964956109207, 0.27571562998853294, 0.2750419505285395, 0.27437539585955056, 0.2737159027451609, 0.27306340618429614, 0.2724178395111684, 0.2717791344946327, 0.27114722143674025, 0.2705220292703037, 0.2699034856552994, 0.2692915170739466, 0.2686860489243145, 0.2680870056123227, 0.2674943106420099, 0.2669078867039612, 0.2663276557617945, 0.2657535391366134, 0.26518545758935386, 0.2646233314009526, 0.26406708045028315, 0.26351662428980704, 0.26297188221890394, 0.2624327733548485, 0.26189921670141036, 0.2613711312150636, 0.2608484358687951, 0.26033104971351084, 0.25981889193704555, 0.2593118819207849, 0.2588099392939137, 0.25831298398531644, 0.25782093627314506, 0.25733371683209416, 0.25685124677840626, 0.2563734477126498, 0.2559002417603041, 0.2554315516101965, 0.254967300550833, 0.25450741250466935, 0.2540518120603699, 0.2536004245031056, 0.25315317584293695, 0.25270999284133966, 0.2522708030359194, 0.2518355347633748, 0.2514041171807549, 0.25097648028507247, 0.2505525549313216, 0.2501322728489551, 0.24971556665687591, 0.24930236987699494, 0.24889261694640777, 0.2484862432282447, 0.2480831850212414, 0.24768337956808756, 0.24728676506259686, 0.24689328065575206, 0.24650286646067204, 0.24611546355654892, 0.24573101399159808, 0.24534946078507391, 0.2449707479283858, 0.2445948203853666, 0.24422162409172804, 0.24385110595374954, 0.24348321384623475, 0.2431178966097801, 0.24275510404738707, 0.24239478692045804, 0.242036896944207, 0.24168138678252418, 0.24132821004231952, 0.2409773212673841, 0.24062867593179454, 0.24028223043288977, 0.2399379420838525, 0.23959576910591465, 0.23925567062022046, 0.23891760663936648, 0.2385815380586441, 0.2382474266470062, 0.23791523503778184, 0.23758492671915757, 0.2372564660244445, 0.23692981812215233, 0.2366049490058885, 0.2362818254840921, 0.23596041516963345, 0.23564068646927794, 0.23532260857304155, 0.2350061514434462, 0.2346912858046879, 0.2343779831317331, 0.23406621563935143, 0.23375595627109833, 0.23344717868825932, 0.23313985725876069, 0.23283396704606152, 0.2325294837980331, 0.23222638393583317, 0.23192464454278522, 0.23162424335326853, 0.23132515874162554, 0.23102736971109233, 0.23073085588276285, 0.2304355974845839, 0.2301415753403949, 0.22984877085901068, 0.22955716602335657, 0.22926674337965477, 0.2289774860266729, 0.22868937760503147, 0.22840240228657632, 0.22811654476382165, 0.2278317902394611, 0.22754812441595534, 0.22726553348519435, 0.22698400411823666, 0.22670352345513303, 0.22642407909482917, 0.2261456590851524, 0.2258682519128873, 0.22559184649393482, 0.2253164321635625, 0.22504199866674351, 0.2247685361485876, 0.2244960351448629, 0.22422448657261201, 0.22395388172086084, 0.22368421224142385, 0.22341547013980448, 0.22314764776619075, 0.2228807378065487, 0.2226147332738157, 0.22234962749918746, 0.22208541412350824, 0.22182208708875706, 0.221559640629637, 0.22129806926526277, 0.2210373677909488, 0.22077753127009997, 0.22051855502620246]",C0348
10,10,ring,45,200,34.75586750000002,0.09277970762034554,0.04198234995394541,False,"[0.16200982027272373, 0.1613890009262166, 0.16077097122765094, 0.1601557814032698, 0.15954347977791225, 0.15893411276766645, 0.15832772487563357, 0.15772435869072504, 0.15712405488940956, 0.15652685224031768, 0.15593278761160606, 0.15534189598098205, 0.1547542104482776, 0.15416976225046397, 0.15358858077899162, 0.1530106935993371, 0.15243612647263835, 0.15186490337929442, 0.15129704654440873, 0.15073257646495142, 0.1501715119385153, 0.14961387009354482, 0.14905966642091178, 0.14850891480671902, 0.14796162756621029, 0.14741781547866736, 0.14687748782318172, 0.14634065241518468, 0.1458073156436261, 0.1452774825086969, 0.14475115665998964, 0.14422834043499783, 0.1437090348978584, 0.14319323987824634, 0.14268095401033054, 0.1421721747717109, 0.14166689852225572, 0.1411651205427637, 0.1406668350733819, 0.14017203535171305, 0.13968071365054838, 0.13919286131517294, 0.13870846880018747, 0.1382275257057981, 0.13775002081353097, 0.13727594212133098, 0.13680527687800842, 0.13633801161700015, 0.1358741321894185, 0.13541362379636138, 0.1349564710204631, 0.13450265785666843, 0.13405216774221249, 0.1336049835857991, 0.13316108779596375, 0.1327204623086206, 0.1322830886137842, 0.13184894778147108, 0.13141802048677664, 0.13099028703413712, 0.130565727380775, 0.13014432115934219, 0.12972604769976476, 0.12931088605030214, 0.1288988149978333, 0.12848981308738058, 0.12808385864088803, 0.12768092977526851, 0.1272810044197359, 0.12688406033243899, 0.12649007511641558, 0.12609902623488364, 0.12571089102589042, 0.12532564671633475, 0.12494327043538611, 0.12456373922731614, 0.12418703006376401, 0.12381311985545565, 0.12344198546339306, 0.12307360370953772, 0.12270795138700245, 0.1223450052697757, 0.12198474212199042, 0.12162713870676363, 0.1212721717946172, 0.12091981817150259, 0.12057005464644488, 0.12022285805882149, 0.11987820528529518, 0.11953607324641329, 0.11919643891289147, 0.11885927931159479, 0.11852457153123189, 0.11819229272777383, 0.11786242012961375, 0.11753493104247714, 0.11720980285409661, 0.1168870130386614, 0.11656653916105486, 0.11624835888088754, 0.11593244995633809, 0.11561879024781097, 0.11530735772141958, 0.11499813045230352, 0.11469108662778867, 0.11438620455039686, 0.11408346264071323, 0.1137828394401168, 0.11348431361338333, 0.11318786395116161, 0.11289346937233595, 0.11260110892627129, 0.11231076179495496, 0.11202240729503248, 0.1117360248797461, 0.11145159414077807, 0.11116909481000273, 0.11088850676115128, 0.11060981001139263, 0.11033298472283229, 0.11005801120393315, 0.1097848699108607, 0.10951354144875347, 0.1092440065729238, 0.10897624618998866, 0.10871024135893273, 0.108445973292107, 0.10818342335616263, 0.1079225730729227, 0.10766340412019401, 0.10740589833251782, 0.10715003770186346, 0.10689580437826465, 0.10664318067039998, 0.10639214904611752, 0.1061426921329067, 0.1058947927183181, 0.10564843375032787, 0.10540359833765445, 0.10516026975002402, 0.10491843141838555, 0.104678066935078, 0.10443916005394996, 0.10420169469043188, 0.10396565492156185, 0.10373102498596629, 0.10349778928379552, 0.10326593237661622, 0.10303543898725928, 0.102806293999627, 0.102578482458457, 0.10235198956904679, 0.10212680069693687, 0.10190290136755639, 0.10168027726582787, 0.10145891423573768, 0.1012387982798664, 0.10101991555888498, 0.10080225239101714, 0.10058579525146394, 0.10037053077179833, 0.10015644573932647, 0.09994352709641559, 0.09973176193979458, 0.0995211375198209, 0.0993116412397222, 0.09910326065480739, 0.09889598347165228, 0.09868979754725775, 0.09848469088818453, 0.0982806516496612, 0.0980776681346714, 0.09787572879301645, 0.09767482222035813, 0.09747493715723989, 0.09727606248808811, 0.09707818724019561, 0.09688130058268685, 0.09668539182546532, 0.09649045041814588, 0.0962964659489717, 0.09610342814371671, 0.09591132686457401, 0.09572015210903265, 0.09552989400874204, 0.09534054282836579, 0.09515208896442431, 0.0949645229441303, 0.09477783542421289, 0.09459201718973576, 0.09440705915290876, 0.09422295235189149, 0.09403968794959242, 0.09385725723246266, 0.09367565160928668, 0.09349486260996832, 0.09331488188431382, 0.09313570120081435, 0.09295731244542545, 0.09277970762034554]",C0349
10,10,ring,46,200,34.726141900000584,0.22632591439094774,0.04987720089524307,False,"[0.3657346518070842, 0.3643256517162291, 0.3629209808588039, 0.36152086629721997, 0.3601255344870341, 0.358735211023573, 0.35735012037248215, 0.355970485585475, 0.3545965280027443, 0.3532284669436709, 0.3518665193876024, 0.3505108996466166, 0.3491618190322756, 0.34781948551847097, 0.3464841034025134, 0.3451558729666531, 0.34383499014223934, 0.34252164617869657, 0.34121602731948036, 0.33991831448709886, 0.33862868297922166, 0.3373473021777921, 0.3360743352729489, 0.3348099390034273, 0.3335542634149698, 0.3323074516381176, 0.33106963968659164, 0.32984095627729315, 0.32862152267278655, 0.3274114525469335, 0.3262108518741829, 0.3250198188428247, 0.3238384437923517, 0.3226668091748983, 0.32150498954055673, 0.3203530515462246, 0.3192110539874759, 0.3180790478528253, 0.3169570763996212, 0.31584517525068845, 0.31474337251074636, 0.3136516889015318, 0.3125701379144867, 0.3114987259798016, 0.3104374526505566, 0.3093863108006657, 0.308345286835302, 0.3073143609124638, 0.3062935071743408, 0.3052826939871407, 0.3042818841880611, 0.30329103533809904, 0.30231009997943953, 0.30133902589618833, 0.3003777563772699, 0.2994262304803518, 0.29848438329571886, 0.29755214620907233, 0.2966294471622943, 0.2957162109112826, 0.2948123592800157, 0.2939178114100932, 0.29303248400503523, 0.2921562915687256, 0.2912891466374115, 0.2904309600047713, 0.28958164093959826, 0.2887410973957283, 0.28790923621388514, 0.28708596331518677, 0.2862711838860973, 0.28546480255467266, 0.2846667235579877, 0.28387685090068854, 0.2830950885046437, 0.2823213403497233, 0.2815555106057587, 0.28079750375577917, 0.2800472247106487, 0.2793045789152518, 0.2785694724464115, 0.27784181210273634, 0.27712150548661696, 0.2764084610786123, 0.27570258830447647, 0.2750037975950925, 0.27431200043959264, 0.2736271094319434, 0.2729490383112943, 0.2722777019963811, 0.2716130166142849, 0.2709548995238472, 0.2703032693340424, 0.2696580459176024, 0.26901915042019625, 0.2683865052654537, 0.2677600341561161, 0.26713966207160844, 0.2665253152622944, 0.26591692124069316, 0.2653144087699131, 0.2647177078495548, 0.2641267496993322, 0.2635414667406365, 0.26296179257627567, 0.2623876619686028, 0.2618190108162333, 0.26125577612955486, 0.26069789600520704, 0.26014530959970916, 0.2595979571024041, 0.2590557797078657, 0.25851871958792344, 0.25798671986343347, 0.25745972457592664, 0.2569376786592441, 0.25642052791128, 0.2559082189659146, 0.2554006992652406, 0.2548979170321629, 0.25439982124343896, 0.2539063616032351, 0.2534174885172556, 0.2529331530674932, 0.25245330698765367, 0.2519779026392891, 0.2515068929886755, 0.2510402315844623, 0.2505778725361181, 0.2501197704931868, 0.2496658806253734, 0.24921615860346238, 0.24877056058107555, 0.2483290431772736, 0.24789156345999305, 0.24745807893031949, 0.24702854750758446, 0.24660292751527665, 0.24618117766775321, 0.24576325705773922, 0.24534912514459087, 0.24493874174331398, 0.2445320670143037, 0.24412906145380017, 0.24372968588502006, 0.24333390144995595, 0.24294166960180755, 0.2425529520980257, 0.24216771099394338, 0.24178590863696642, 0.24140750766129723, 0.2410324709831702, 0.24066076179656587, 0.2402923435693854, 0.23992718004005384, 0.23956523521453138, 0.23920647336370418, 0.23885085902113268, 0.2384983569811347, 0.23814893229717327, 0.23780255028053815, 0.23745917649928455, 0.2371187767774226, 0.2367813171943224, 0.23644676408432877, 0.23611508403655207, 0.23578624389482986, 0.23546021075783036, 0.23513695197929257, 0.23481643516837178, 0.23449862819009115, 0.23418349916587283, 0.2338710164741388, 0.2335611487509714, 0.2332538648908138, 0.23294913404720696, 0.23264692563354653, 0.2323472093238504, 0.2320499550535283, 0.2317551330201458, 0.2314627136841707, 0.23117266776969916, 0.23088496626514812, 0.2305995804239132, 0.2303164817649866, 0.23003564207352317, 0.22975703340135492, 0.22948062806745267, 0.22920639865832076, 0.22893431802833425, 0.22866435930000364, 0.22839649586417524, 0.22813070138015518, 0.2278669497757641, 0.22760521524731506, 0.2273454722595163, 0.2270876955452985, 0.22683186010556197, 0.22657794120885097, 0.22632591439094774]",C0350
12,6,linear,42,200,33.155751899999814,0.22723536209819048,0.06500607935322943,False,"[0.3877074413538326, 0.3859137361835922, 0.3841380946872848, 0.38238052625867486, 0.38064103071307986, 0.3789195980880093, 0.37721620847953097, 0.37553083191829256, 0.37386342828836433, 0.37221394729128693, 0.3705823284569251, 0.3689685012019622, 0.36737238493614616, 0.3657938892156884, 0.3642329139425851, 0.36268934960803767, 0.36116307757764304, 0.35965397041555286, 0.35816189224444556, 0.35668669913783035, 0.355228239540978, 0.35378635471660286, 0.3523608792113279, 0.3509516413389184, 0.34955846367630056, 0.348181163568447, 0.3468195536383314, 0.3454734422983153, 0.3441426342595128, 0.34282693103591444, 0.3415261314402698, 0.3402400320690104, 0.33896842777374103, 0.3377111121171195, 0.3364678778112045, 0.3352385171366414, 0.3340228223413142, 0.3328205860173538, 0.3316316014556462, 0.3304556629772221, 0.32929256624111947, 0.3281421085285439, 0.32700408900331, 0.3258783089487503, 0.3247645719814199, 0.3236626842420652, 0.32257245456446154, 0.3214936946228122, 0.32042621905851454, 0.31936984558715803, 0.3183243950866897, 0.31728969166773363, 0.31626556272708056, 0.3152518389853939, 0.3142483545101931, 0.31325494672517373, 0.3122714564069334, 0.3112977276701417, 0.3103336079421935, 0.3093789479283469, 0.3084336015683242, 0.3074974259853159, 0.3065702814282982, 0.3056520312085205, 0.30474254163099457, 0.3038416819217518, 0.30294932415160764, 0.3020653431571158, 0.30118961645934866, 0.30032202418109744, 0.29946244896303914, 0.2986107758793625, 0.29776689235332326, 0.2969306880731231, 0.29610205490850255, 0.2952808868283621, 0.2944670798197185, 0.2936605318082465, 0.29286114258062806, 0.29206881370890425, 0.2912834484769864, 0.29050495180946007, 0.2897332302027865, 0.28896819165898496, 0.28820974562185375, 0.2874578029157703, 0.28671227568708696, 0.28597307734813526, 0.2852401225238151, 0.2845133270007566, 0.28379260767900844, 0.28307788252621463, 0.28236907053421856, 0.28166609167803425, 0.2809688668771127, 0.2802773179588356, 0.2795913676241459, 0.2789109394152497, 0.27823595768528464, 0.2775663475698902, 0.27690203496057714, 0.27624294647981457, 0.27558900945775283, 0.2749401519104851, 0.27429630251977494, 0.273657390614159, 0.27302334615134805, 0.2723940997018437, 0.27176958243370075, 0.27114972609835564, 0.2705344630174542, 0.26992372607060977, 0.26931744868402796, 0.2687155648199353, 0.2681180089667559, 0.2675247161299764, 0.2669356218236539, 0.26635066206251284, 0.2657697733545828, 0.26519289269434426, 0.2646199575563305, 0.2640509058891531, 0.26348567610992063, 0.26292420709901076, 0.26236643819516964, 0.26181230919091547, 0.2612617603282106, 0.2607147322943942, 0.2601711662183359, 0.2596310036668121, 0.25909418664106965, 0.258560657573574, 0.2580303593249205, 0.257503235180899, 0.2569792288497025, 0.2564582844592644, 0.25594034655472325, 0.25542536009600214, 0.25491327045549295, 0.25440402341585194, 0.2538975651678866, 0.2533938423085425, 0.2528928018389757, 0.2523943911627172, 0.251898558083922, 0.2514052508057001, 0.2509144179285326, 0.2504260084487661, 0.2499399717571915, 0.24945625763769974, 0.24897481626601822, 0.2484955982085292, 0.2480185544211675, 0.24754363624839967, 0.24707079542228294, 0.24659998406160966, 0.2461311546711322, 0.24566426014087187, 0.24519925374551407, 0.24473608914388886, 0.2442747203785353, 0.24381510187535793, 0.24335718844336907, 0.2429009352745191, 0.24244629794362124, 0.24199323240836265, 0.2415416950094104, 0.2410916424706112, 0.24064303189928196, 0.24019582078659263, 0.23974996700805107, 0.2393054288240748, 0.2388621648806636, 0.23842013421016628, 0.2379792962321454, 0.23753961075433416, 0.2371010379736981, 0.23666353847758428, 0.23622707324497552, 0.23579160364783866, 0.23535709145256622, 0.23492349882151997, 0.2344907883146681, 0.23405892289132088, 0.23362786591195647, 0.23319758114014777, 0.23276803274458047, 0.23233918530116482, 0.2319110037952418, 0.23148345362388031, 0.23105650059826488, 0.2306301109461731, 0.23020425131454444, 0.2297788887721326, 0.22935399081224728, 0.22892952535557654, 0.22850546075309727, 0.22808176578906106, 0.22765840968406414, 0.22723536209819048]",C0391
12,6,linear,43,200,31.49044909999975,0.20998112760029466,0.057436733242249655,False,"[0.44819024211443304, 0.44281525705381347, 0.43758356290726064, 0.43249411594584036, 0.4275454160034428, 0.4227355713015766, 0.4180623587379133, 0.41352327912442166, 0.409115607135236, 0.40483643594491947, 0.40068271670687966, 0.39665129314404335, 0.39273893160553675, 0.38894234699072805, 0.3852582249622303, 0.38168324086866473, 0.37821407578178884, 0.374847430025886, 0.3715800345441415, 0.36840866041031745, 0.3653301267568525, 0.3623413073543857, 0.3594391360438298, 0.3566206111913263, 0.3538827993090489, 0.3512228379610575, 0.34863793805311843, 0.34612538558841255, 0.343682542957026, 0.34130684981570164, 0.3389958236051924, 0.3367470597452889, 0.33455823154191117, 0.33242708983621966, 0.33035146242226726, 0.3283292532570461, 0.3263584414846988, 0.3244370802950008, 0.32256329563486896, 0.3207352847904933, 0.3189513148566904, 0.3172097211091374, 0.31550890529427683, 0.3138473338508232, 0.3122235360759584, 0.31063610224846755, 0.30908368172021533, 0.3075649809865431, 0.30607876174531257, 0.3046238389535176, 0.3031990788895753, 0.3018033972286153, 0.3004357571373421, 0.2990951673943013, 0.2977806805407036, 0.2964913910662823, 0.2952264336340655, 0.2939849813473442, 0.29276624406158736, 0.2915694667435639, 0.29039392787945756, 0.2892389379333557, 0.2881038378571073, 0.28698799765219063, 0.28589081498393637, 0.28481171384816184, 0.2837501432900226, 0.28270557617468267, 0.28167750800918995, 0.28066545581479546, 0.27966895704880157, 0.27868756857489313, 0.27772086568081544, 0.2767684411421605, 0.27582990433096377, 0.27490488036774624, 0.27399300931559695, 0.2730939454148651, 0.2722073563569916, 0.27133292259602004, 0.2704703366963061, 0.2696193027149554, 0.26877953561752504, 0.26795076072555274, 0.26713271319447834, 0.266325137520567, 0.2655277870754633, 0.2647404236670324, 0.2639628171251987, 0.26319474491150424, 0.26243599175117266, 0.26168634928648166, 0.2609456157503106, 0.26021359565875685, 0.25949009952175967, 0.25877494357072, 0.25806794950213685, 0.25736894423633583, 0.25667775969039325, 0.25599423256441245, 0.25531820414034484, 0.2546495200925869, 0.2539880303096243, 0.25333358872603445, 0.2526860531641912, 0.2520452851850574, 0.2514111499474741, 0.2507835160754052, 0.2501622555326116, 0.24954724350426605, 0.2489383582850578, 0.2483354811733464, 0.24773849637096798, 0.24714729088830925, 0.2465617544543022, 0.24598177943099997, 0.2454072607324315, 0.2448380957474411, 0.2442741842662497, 0.24371542841047764, 0.24316173256640705, 0.2426130033212566, 0.24206914940227428, 0.24153008161845801, 0.24099571280473064, 0.24046595776840585, 0.2399407332378043, 0.23941995781287104, 0.23890355191767432, 0.2383914377546654, 0.23788353926058659, 0.23737978206393628, 0.23688009344388397, 0.2363844022905636, 0.23589263906665484, 0.23540473577018559, 0.23492062589848536, 0.23444024441322717, 0.23396352770650175, 0.23349041356787062, 0.23302084115234867, 0.23255475094927003, 0.23209208475199747, 0.23163278562843503, 0.23117679789231063, 0.23072406707519222, 0.23027453989920801, 0.22982816425044442, 0.2293848891529945, 0.22894466474362715, 0.2285074422470673, 0.2280731739518472, 0.22764181318672774, 0.2272133142976572, 0.22678763262525878, 0.2263647244828252, 0.22594454713480905, 0.2255270587757893, 0.22511221850990895, 0.22469998633075747, 0.22429032310170313, 0.22388319053664607, 0.22347855118119342, 0.22307636839424064, 0.22267660632994948, 0.22227922992011254, 0.2218842048568986, 0.2214914975759622, 0.22110107523991804, 0.22071290572216498, 0.22032695759105447, 0.21994320009439483, 0.219561603144284, 0.21918213730226513, 0.21880477376479213, 0.2184294843490082, 0.21805624147881933, 0.21768501817126498, 0.2173157880231744, 0.21694852519810534, 0.2165832044135559, 0.21621980092844897, 0.21585829053087616, 0.21549864952610132, 0.215140854724817, 0.21478488343164295, 0.21443071343387432, 0.21407832299045837, 0.21372769082120355, 0.2133787960962206, 0.2130316184255766, 0.21268613784917192, 0.21234233482682577, 0.21200019022857233, 0.21165968532515445, 0.2113208017787239, 0.21098352163372813, 0.21064782730799428, 0.2103137015839944, 0.20998112760029466]",C0392
12,6,linear,44,200,31.75592080000024,0.2048703858676727,0.08081725981967722,False,"[0.3655262063641111, 0.3641364194747509, 0.36276088868952977, 0.36139959354215656, 0.3600525023480601, 0.3587195718138305, 0.35740074676853184, 0.3560959600108775, 0.35480513226564053, 0.3535281722421151, 0.352264976787037, 0.35101543112405326, 0.349779409171638, 0.3485567739312403, 0.34734737793745074, 0.3461510637620602, 0.34496766456403233, 0.34379700467765856, 0.3426389002314489, 0.3414931597906546, 0.34035958501671654, 0.3392379713373428, 0.338128108621373, 0.33702978185304894, 0.3359427718007793, 0.334866855675977, 0.333801807778003, 0.33274740012173476, 0.331703403044718, 0.3306695857913032, 0.3296457170715898, 0.3286315655933852, 0.3276269005657708, 0.32663149217320425, 0.3256451120194104, 0.324667533540608, 0.32369853238788465, 0.3227378867787743, 0.3217853778183038, 0.3208407897899724, 0.319903910417282, 0.31897453109659757, 0.3180524471022175, 0.31713745776465846, 0.3162293666232262, 0.31532798155402125, 0.3144331148745733, 0.31354458342633845, 0.3126622086363184, 0.31178581655906934, 0.31091523790037434, 0.31005030802384664, 0.30919086694171244, 0.30833675929100846, 0.3074878342963906, 0.30664394572073456, 0.3058049518046504, 0.3049707151960238, 0.3041411028706208, 0.3033159860447764, 0.3024952400811291, 0.301678744388315, 0.30086638231549606, 0.30005804104254447, 0.29925361146665735, 0.29845298808613424, 0.29765606888199864, 0.2968627551981024, 0.2960729516203075, 0.2952865658552974, 0.2945035086095265, 0.29372369346877775, 0.2929470367787635, 0.2921734575271548, 0.29140287722740943, 0.29063521980471063, 0.2898704114843199, 0.2891083806825958, 0.2883490579009137, 0.2875923756226925, 0.28683826821370056, 0.2860866718257954, 0.2853375243042258, 0.2845907650986044, 0.28384633517762986, 0.2831041769476338, 0.28236423417499196, 0.28162645191243524, 0.2808907764292731, 0.28015715514553086, 0.27942553656998426, 0.2786958702420686, 0.2779681066776193, 0.27724219731840094, 0.27651809448536147, 0.2757957513355444, 0.275075121822583, 0.2743561606606983, 0.2736388232921004, 0.27292306585770737, 0.2722088451710761, 0.2714961186954384, 0.2707848445237351, 0.2700749813615333, 0.2693664885127139, 0.26865932586780444, 0.26795345389484504, 0.26724883363265983, 0.26654542668641323, 0.2658431952253277, 0.2651421019824396, 0.26444211025626857, 0.26374318391427815, 0.2630452873980033, 0.2623483857297278, 0.2616524445205845, 0.2609574299799643, 0.2602633089261157, 0.2595700487978199, 0.25887761766702294, 0.25818598425232214, 0.25749511793318985, 0.25680498876483415, 0.25611556749358694, 0.2554268255727215, 0.2547387351786, 0.25405126922705784, 0.2533644013899219, 0.25267810611158853, 0.2519923586255602, 0.2513071349708646, 0.250622412008274, 0.24993816743624442, 0.24925437980650567, 0.2485710285392271, 0.2478880939376903, 0.24720555720241044, 0.24652340044463752, 0.24584160669918284, 0.24516015993652, 0.24447904507410045, 0.2437982479868459, 0.24311775551676393, 0.24243755548165322, 0.2417576366828539, 0.24107798891201748, 0.24039860295685353, 0.23971947060583787, 0.23904058465184932, 0.23836193889471594, 0.2376835281426594, 0.23700534821261185, 0.23632739592940297, 0.23564966912380883, 0.23497216662945222, 0.23429488827855718, 0.23361783489656288, 0.23294100829558936, 0.23226441126677833, 0.2315880475715071, 0.23091192193149446, 0.23023604001781375, 0.22956040843883407, 0.22888503472710406, 0.22820992732520998, 0.22753509557063104, 0.22686054967961913, 0.22618630073013493, 0.22551236064387337, 0.22483874216741304, 0.22416545885252392, 0.22349252503567585, 0.22281995581678019, 0.22214776703721487, 0.22147597525716567, 0.22080459773233393, 0.22013365239004998, 0.21946315780484402, 0.21879313317350857, 0.21812359828971248, 0.21745457351820174, 0.2167860797686401, 0.21611813846913375, 0.21545077153948766, 0.21478400136423903, 0.21411785076551423, 0.21345234297575755, 0.21278750161036994, 0.21212335064030977, 0.21145991436469402, 0.2107972173834429, 0.2101352845700116, 0.20947414104424492, 0.20881381214539985, 0.20815432340536408, 0.2074957005221193, 0.20683796933347065, 0.20618115579108423, 0.20552528593485994, 0.2048703858676727]",C0393
12,6,linear,45,200,31.58979240000008,0.1397100777793606,0.027464255665654694,False,"[0.1885998704843581, 0.18773773375273953, 0.18688643235437233, 0.18604627008302801, 0.1852175276921081, 0.1844004622621802, 0.18359530673454308, 0.18280226960776477, 0.18202153479244818, 0.18125326161796287, 0.18049758498353183, 0.17975461564491682, 0.1790244406269996, 0.17830712375180313, 0.17760270627096228, 0.17691120759127987, 0.17623262608185078, 0.17556693995122327, 0.17491410818321426, 0.17427407152029475, 0.1736467534838562, 0.1730320614211848, 0.17242988756955627, 0.17184011012851733, 0.17126259433212784, 0.170697193513662, 0.17014375015602737, 0.1696020969219022, 0.1690720576583483, 0.16855344837137462, 0.1680460781666405, 0.16754975015313614, 0.16706426230732654, 0.16658940829582236, 0.16612497825518144, 0.1656707595279426, 0.16522653735444048, 0.16479209552034782, 0.16436721696024506, 0.16395168431782856, 0.16354528046362934, 0.16314778897134685, 0.16275899455408216, 0.16237868346191422, 0.16200664384237853, 0.16164266606550234, 0.16128654301511627, 0.16093807034819885, 0.1605970467240397, 0.1602632740050037, 0.1599365574306708, 0.15961670576709355, 0.1593035314328919, 0.15899685060383725, 0.15869648329754635, 0.15840225343983033, 0.15811398891418607, 0.1578315215958511, 0.15755468737176856, 0.15728332614774618, 0.1570172818440096, 0.1567564023802936, 0.15650053965153254, 0.15624954949515374, 0.15600329165089763, 0.15576162971403715, 0.15552443108279748, 0.15529156690072068, 0.15506291199466093, 0.15483834480904607, 0.15461774733698003, 0.1544010050487253, 0.15418800681804817, 0.15397864484686546, 0.15377281458860428, 0.15357041467062857, 0.1533713468160722, 0.15317551576536684, 0.15298282919773293, 0.15279319765287405, 0.1526065344530828, 0.15242275562594795, 0.1522417798278254, 0.15206352826822242, 0.15188792463521703, 0.15171489502202448, 0.15154436785480502, 0.15137627382178856, 0.1512105458037871, 0.1510471188061483, 0.15088592989219482, 0.15072691811818106, 0.1505700244697981, 0.1504151918002425, 0.15026236476986035, 0.15011148978737054, 0.14996251495267124, 0.14981539000121843, 0.1496700662499699, 0.14952649654488376, 0.14938463520994785, 0.14924443799772732, 0.14910586204140314, 0.14896886580828161, 0.14883340905474285, 0.14869945278260863, 0.1485669591968907, 0.14843589166489957, 0.148306214676675, 0.14817789380671156, 0.14805089567694482, 0.14792518792096873, 0.14780073914944838, 0.14767751891669798, 0.14755549768839257, 0.1474346468103792, 0.1473149384785562, 0.1471963457097906, 0.14707884231384308, 0.14696240286626414, 0.14684700268223955, 0.1467326177913497, 0.14661922491321477, 0.14650680143399994, 0.14639532538374858, 0.1462847754145207, 0.1461751307793054, 0.1460663713116849, 0.14595847740622594, 0.1458514299995666, 0.14574521055218484, 0.14563980103081733, 0.14553518389151254, 0.145431342063287, 0.14532825893237486, 0.14522591832704132, 0.14512430450294447, 0.14502340212902168, 0.1449231962738896, 0.1448236723927302, 0.14472481631465228, 0.14462661423050724, 0.14452905268114608, 0.14443211854609828, 0.1443357990326603, 0.14424008166537605, 0.1441449542758966, 0.14405040499320623, 0.14395642223419863, 0.1438629946945915, 0.1437701113401702, 0.1436777613983429, 0.14358593434999903, 0.1434946199216606, 0.14340380807791328, 0.14331348901410615, 0.1432236531493162, 0.1431342911195592, 0.1430453937712431, 0.14295695215485493, 0.14286895751887083, 0.1427814013038809, 0.1426942751369218, 0.14260757082600953, 0.14252128035486342, 0.14243539587781676, 0.1423499097149035, 0.14226481434711732, 0.142180102411838, 0.14209576669841226, 0.14201180014389228, 0.14192819582891733, 0.1418449469737424, 0.141762046934396, 0.14167948919897844, 0.1415972673840792, 0.1415153752313191, 0.14143380660401084, 0.14135255548393025, 0.14127161596819893, 0.1411909822662684, 0.14111064869700782, 0.1410306096858879, 0.14095085976225769, 0.14087139355671266, 0.14079220579854937, 0.14071329131330138, 0.14063464502035936, 0.14055626193066598, 0.14047813714448584, 0.14040026584924833, 0.14032264331745897, 0.1402452649046777, 0.14016812604756093, 0.14009122226196613, 0.14001454914111658, 0.13993810235382195, 0.13986187764275623, 0.1397858708227876, 0.1397100777793606]",C0394
12,6,linear,46,200,32.012476400001106,0.22393649107692545,0.05999948577900978,False,"[0.33803936182301797, 0.3367340027729273, 0.33547209859559474, 0.33425073593726434, 0.33306719803157075, 0.33191895333180577, 0.33080364432086024, 0.329719076616887, 0.32866320846059155, 0.327634140644044, 0.3266301069200405, 0.3256494649145057, 0.32469068755145675, 0.3237523549900722, 0.32283314706579386, 0.3219318362217934, 0.3210472809130722, 0.32017841946269, 0.31932426434783606, 0.318483896892455, 0.31765646234275086, 0.31684116530196166, 0.3160372655012205, 0.31524407388398923, 0.31446094898240934, 0.3136872935648884, 0.31292255153529497, 0.31216620506522363, 0.31141777194190484, 0.3106768031154235, 0.30994288042998935, 0.30921561452504104, 0.30849464289296213, 0.30777962808114145, 0.3070702560270055, 0.30636623451550254, 0.30566729174931817, 0.30497317502283755, 0.30428364949158054, 0.3035984970294665, 0.3029175151668886, 0.3022405161031111, 0.30156732578704504, 0.30089778306092, 0.30023173886181875, 0.29956905547644813, 0.2989096058449026, 0.29825327290951503, 0.29759994900522174, 0.2969495352881535, 0.2963019411994506, 0.29565708396153617, 0.2950148881043283, 0.2943752850190707, 0.29373821253767507, 0.2931036145356311, 0.2924714405567203, 0.2918416454579171, 0.29121418907300506, 0.290589035893561, 0.28996615476608517, 0.2893455186041622, 0.2887271041146395, 0.288110891536901, 0.28749686439440053, 0.28688500925770016, 0.2862753155183212, 0.28566777517279013, 0.2850623826163195, 0.28445913444561166, 0.2838580292703307, 0.2832590675328303, 0.2826622513357611, 0.2820675842772272, 0.28147507129318483, 0.28088471850681257, 0.2802965330846074, 0.27971052309897887, 0.27912669739714685, 0.2785450654761526, 0.27796563736381763, 0.2773884235054981, 0.27681343465648994, 0.276240681779952, 0.27567017595022886, 0.275101928261448, 0.2745359497412895, 0.2739722512698111, 0.27341084350323414, 0.2728517368025823, 0.2722949411670738, 0.2717404661721709, 0.2711883209121807, 0.2706385139473127, 0.27009105325508503, 0.269545946185984, 0.2690031994232634, 0.2684628189467812, 0.2679248100007679, 0.2673891770654038, 0.2668559238321052, 0.26632505318239175, 0.26579656717022615, 0.2652704670076978, 0.26474675305393464, 0.26422542480711325, 0.26370648089944926, 0.2631899190950334, 0.2626757362903905, 0.2621639285176293, 0.261654490950059, 0.2611474179101367, 0.2606427028796225, 0.26014033851180934, 0.2596403166456995, 0.2591426283220071, 0.2586472638008474, 0.25815421258100574, 0.25766346342064667, 0.2571750043593543, 0.2566888227413816, 0.25620490523999045, 0.255723237882775, 0.2552438060778512, 0.2547665946408128, 0.2542915878223424, 0.253818769336383, 0.25334812238876914, 0.25287962970622707, 0.2524132735656493, 0.2519490358235632, 0.25148689794570855, 0.2510268410366425, 0.2505688458693034, 0.2501128929144561, 0.24965896236995863, 0.24920703418977883, 0.24875708811270905, 0.24830910369071638, 0.2478630603168843, 0.2474189372528881, 0.2469767136559673, 0.2465363686053468, 0.2460978811280753, 0.24566123022423988, 0.2452263948915299, 0.2447933541491197, 0.24436208706084403, 0.243932572757644, 0.24350479045926618, 0.2430787194951937, 0.24265433932479577, 0.242231629556687, 0.24181056996728142, 0.24139114051853572, 0.24097332137487829, 0.2405570929193179, 0.24014243576872993, 0.2397293307883216, 0.2393177591052805, 0.23890770212160226, 0.2384991415261125, 0.23809205930567864, 0.23768643775563048, 0.23728225948938522, 0.23687950744730088, 0.2364781649047566, 0.23607821547948146, 0.23567964313813705, 0.23528243220217446, 0.234886567352973, 0.23449203363628054, 0.23409881646597105, 0.233706901627133, 0.2333162752785063, 0.2329269239542874, 0.2325388345653151, 0.23215199439966125, 0.23176639112263964, 0.2313820127762519, 0.2309988477780963, 0.2306168849197424, 0.23023611336461236, 0.22985652264536693, 0.22947810266083032, 0.22910084367246494, 0.2287247363004196, 0.2283497715191667, 0.22797594065275115, 0.22760323536966756, 0.22723164767738688, 0.22686116991654728, 0.2264917947548353, 0.22612351518056525, 0.22575632449598784, 0.22539021631033487, 0.2250251845326241, 0.22466122336424313, 0.22429832729132282, 0.22393649107692545]",C0395
12,6,ring,42,200,31.989192700000785,0.33872110431801716,0.03483442474267156,False,"[0.37554762870112746, 0.37531235409811226, 0.37507723081936156, 0.37484226727981124, 0.3746074718718697, 0.3743728529636152, 0.374138418897013, 0.3739041779861536, 0.3736701385155154, 0.37343630873824957, 0.3732026968744891, 0.37296931110967835, 0.37273615959293327, 0.37250325043542215, 0.37227059170877236, 0.3720381914435061, 0.37180605762749747, 0.37157419820445886, 0.37134262107245547, 0.3711113340824433, 0.37088034503683764, 0.3706496616881072, 0.3704192917373976, 0.3701892428331804, 0.3699595225699321, 0.36973013848684194, 0.36950109806654546, 0.3692724087338877, 0.36904407785471594, 0.3688161127346979, 0.3685885206181723, 0.36836130868702405, 0.36813448405959015, 0.3679080537895927, 0.3676820248651012, 0.3674564042075228, 0.3672311986706192, 0.3670064150395545, 0.3667820600299674, 0.366558140287075, 0.3663346623848001, 0.36611163282493003, 0.36588905803629945, 0.3656669443740033, 0.3654452981186338, 0.36522412547554634, 0.3650034325741518, 0.3647832254672336, 0.36456351013029403, 0.3643442924609242, 0.36412557827820047, 0.3639073733221056, 0.36368968325297896, 0.3634725136509875, 0.3632558700156235, 0.3630397577652296, 0.3628241822365428, 0.3626091486842691, 0.3623946622806787, 0.36218072811522406, 0.3619673511941876, 0.3617545364403449, 0.3615422886926581, 0.3613306127059886, 0.3611195131508336, 0.36090899461308695, 0.36069906159382015, 0.3604897185090863, 0.3602809696897484, 0.36007281938132624, 0.3598652717438682, 0.3596583308518421, 0.3594520006940478, 0.3592462851735543, 0.3590411881076523, 0.35883671322783245, 0.35863286417978096, 0.35842964452339793, 0.35822705773283436, 0.35802510719655006, 0.35782379621739174, 0.3576231280126887, 0.3574231057143724, 0.35722373236910876, 0.3570250109384576, 0.35682694429904327, 0.35662953524275004, 0.35643278647693283, 0.3562367006246467, 0.35604128022489595, 0.3558465277328991, 0.35565244552037445, 0.3554590358758389, 0.3552663010049298, 0.3550742430307394, 0.35488286399416724, 0.3546921658542918, 0.3545021504887546, 0.35431281969416495, 0.354124175186516, 0.3539362186016209, 0.353748951495563, 0.35356237534515983, 0.35337649154844514, 0.35319130142516214, 0.3530068062172762, 0.35282300708949627, 0.3526399051298152, 0.3524575013500608, 0.3522757966864613, 0.35209479200022503, 0.3519144880781327, 0.3517348856331384, 0.35155598530499255, 0.35137778766086303, 0.3512002931959837, 0.35102350233430063, 0.35084741542913783, 0.35067203276387143, 0.35049735455261327, 0.35032338094090587, 0.35015011200642765, 0.3499775477597062, 0.3498056881448415, 0.3496345330402391, 0.34946408225934894, 0.34929433555141576, 0.3491252926022346, 0.3489569530349144, 0.3487893164106511, 0.34862238222950254, 0.3484561499311753, 0.34829061889581364, 0.348125788444795, 0.3479616578415334, 0.3477982262922823, 0.34763549294694945, 0.34747345689990894, 0.3473121171908223, 0.3471514728054588, 0.34699152267652505, 0.34683226568448916, 0.346673700658416, 0.346515826376798, 0.34635864156839086, 0.3462021449130521, 0.3460463350425762, 0.3458912105415344, 0.3457367699481146, 0.3455830117549595, 0.3454299344100062, 0.345277536317325, 0.34512581583795704, 0.3449747712907503, 0.3448244009531967, 0.34467470306226383, 0.34452567581522636, 0.34437731737049776, 0.34422962584845385, 0.3440825993322587, 0.343936235868685, 0.3437905334689301, 0.34364549010943096, 0.3435011037326727, 0.34335737224799595, 0.34321429353239535, 0.3430718654313185, 0.34293008575945644, 0.3427889523015292, 0.3426484628130703, 0.3425086150211983, 0.3423694066253902, 0.34223083529824444, 0.34209289868623866, 0.3419555944104828, 0.3418189200674622, 0.34168287322978025, 0.34154745144688664, 0.341412652245806, 0.3412784731318527, 0.34114491158934634, 0.3410119650823109, 0.34087963105517466, 0.34074790693345847, 0.34061679012445584, 0.3404862780179067, 0.34035636798666485, 0.3402270573873542, 0.3400983435610194, 0.3399702238337674, 0.3398426955174012, 0.33971575591004616, 0.3395894022967661, 0.3394636319501731, 0.3393384421310288, 0.33921383008883454, 0.3390897930624181, 0.33896632828050804, 0.33884343296229996, 0.33872110431801716]",C0396
12,6,ring,43,200,32.056068399999276,0.3508665165230192,0.03753621121725977,False,"[0.3882493341878792, 0.3880051614943185, 0.3877612543513346, 0.38751762442095655, 0.3872742833090508, 0.3870312425598686, 0.3867885136506352, 0.3865461079862013, 0.38630403689374465, 0.38606231161753807, 0.38582094331378375, 0.38557994304551974, 0.3853393217776011, 0.38509909037176265, 0.38485925958176775, 0.38461984004864275, 0.38438084229600916, 0.3841422767255054, 0.3839041536123166, 0.38366648310080237, 0.3834292752002337, 0.38319253978064305, 0.3829562865687815, 0.3827205251441986, 0.3824852649354397, 0.38225051521636083, 0.3820162851025748, 0.3817825835480164, 0.38154941934164227, 0.38131680110425603, 0.38108473728546893, 0.38085323616079236, 0.38062230582886597, 0.38039195420882016, 0.38016218903777954, 0.37993301786850026, 0.379704448067147, 0.3794764868112126, 0.37924914108757163, 0.37902241769067846, 0.3787963232209017, 0.37857086408300084, 0.37834604648473963, 0.37812187643564066, 0.3778983597458763, 0.3776755020252969, 0.37745330868259824, 0.37723178492462156, 0.3770109357557869, 0.37679076597766525, 0.37657128018867475, 0.37635248278391126, 0.37613437795510823, 0.37591696969071736, 0.37570026177612004, 0.3754842577939586, 0.37526896112458735, 0.3750543749466411, 0.3748405022377243, 0.3746273457752074, 0.37441490813713946, 0.3742031917032633, 0.37399219865614564, 0.3737819309823998, 0.3735723904740174, 0.3733635787297922, 0.37315549715684365, 0.3729481469722282, 0.3727415292046412, 0.3725356446962061, 0.37233049410434577, 0.37212607790373403, 0.3719223963883238, 0.371719449673452, 0.37151723769801204, 0.37131576022669716, 0.3711150168523081, 0.3709150069981197, 0.37071572992031493, 0.3705171847104632, 0.3703193702980627, 0.37012228545312514, 0.369925928788811, 0.36973029876410884, 0.3695353936865547, 0.3693412117149908, 0.3691477508623587, 0.3689550089985274, 0.3687629838531478, 0.3685716730185391, 0.3683810739525955, 0.3681911839817169, 0.36800200030375957, 0.36781351999100204, 0.36762573999312737, 0.3674386571402151, 0.36725226814574546, 0.36706656960960854, 0.3668815580211204, 0.3666972297620404, 0.36651358110959126, 0.36633060823947683, 0.366148307228896, 0.36596667405955213, 0.3657857046206561, 0.3656053947119187, 0.3654257400465339, 0.3652467362541498, 0.36506837888382243, 0.3648906634069617, 0.3647135852202499, 0.3645371396485499, 0.36436132194779075, 0.3641861273078308, 0.36401155085530085, 0.36383758765642077, 0.3636642327197963, 0.3634914809991829, 0.36331932739622896, 0.36314776676318855, 0.36297679390560433, 0.362806403584964, 0.36263659052132385, 0.36246734939590075, 0.3622986748536346, 0.36213056150571726, 0.3619630039320873, 0.36179599668389256, 0.3616295342859166, 0.3614636112389744, 0.3612982220222681, 0.3611333610957102, 0.36096902290221206, 0.36080520186993303, 0.360641892414495, 0.3604790889411617, 0.3603167858469806, 0.36015497752288433, 0.35999365835576264, 0.3598328227304893, 0.359672465031918, 0.3595125796468377, 0.35935316096589215, 0.35919420338546226, 0.35903570130951207, 0.35887764915139614, 0.35872004133563157, 0.3585628722996343, 0.3584061364954148, 0.3582498283912434, 0.3580939424732741, 0.3579384732471354, 0.3577834152394859, 0.3576287629995314, 0.3574745111005093, 0.3573206541411393, 0.3571671867470343, 0.35701410357208374, 0.35686139929979716, 0.3567090686446169, 0.35655710635319676, 0.35640550720564873, 0.35625426601675464, 0.3561033776371468, 0.3559528369544564, 0.3558026388944322, 0.3556527784220229, 0.3555032505424343, 0.3553540503021508, 0.35520517278993197, 0.3550566131377733, 0.35490836652184304, 0.35476042816338477, 0.35461279332959744, 0.35446545733447876, 0.35431841553964993, 0.35417166335514394, 0.3540251962401731, 0.3538790097038665, 0.35373309930598146, 0.3535874606575884, 0.3534420894217311, 0.3532969813140608, 0.3531521321034438, 0.3530075376125466, 0.3528631937183954, 0.3527190963529105, 0.35257524150341885, 0.352431625213141, 0.35228824358165745, 0.35214509276534894, 0.3520021689778173, 0.35185946849028227, 0.3517169876319555, 0.3515747227903964, 0.3514326704118423, 0.3512908270015203, 0.3511491891239382, 0.35100775340315216, 0.3508665165230192]",C0397
12,6,ring,44,200,32.054648799999995,0.306170831064206,0.05781376600398161,False,"[0.3673352226246656, 0.36710428459014355, 0.3668722006100053, 0.36663896840790194, 0.366404585946896, 0.3661690514318792, 0.365932363311859, 0.36569452028210003, 0.36545552128611947, 0.3652153655175296, 0.3649740524217257, 0.3647315816974099, 0.3644879532979534, 0.36424316743258706, 0.36399722456741723, 0.36375012542626756, 0.3635018709913361, 0.36325246250367166, 0.36300190146345784, 0.36275018963011024, 0.36249732902217907, 0.36224332191705355, 0.36198817085047136, 0.3617318786158245, 0.3614744482632654, 0.361215883098609, 0.36095618668202856, 0.36069536282654885, 0.3604334155963304, 0.3601703493047501, 0.3599061685122737, 0.35964087802412403, 0.3593744828877432, 0.35910698839005306, 0.3588384000545106, 0.3585687236379654, 0.3582979651273179, 0.3580261307359811, 0.35775322690015116, 0.35747926027488686, 0.35720423773000337, 0.3569281663457835, 0.35665105340851233, 0.35637290640583635, 0.3560937330219556, 0.3558135411326521, 0.3555323388001605, 0.35525013426788615, 0.3549669359549783, 0.35468275245076536, 0.3543975925090546, 0.3541114650423068, 0.35382437911569536, 0.35353634394105193, 0.35324736887070946, 0.3529574633912509, 0.35266663711716917, 0.35237489978445086, 0.3520822612440871, 0.35178873145552547, 0.35149432048006535, 0.3511990384742149, 0.35090289568300737, 0.3506059024332954, 0.35030806912702767, 0.35000940623451604, 0.34970992428770925, 0.3494096338734715, 0.34910854562688604, 0.34880667022458584, 0.3485040183781222, 0.3482006008273833, 0.34789642833406703, 0.34759151167521934, 0.3472858616368488, 0.3469794890076207, 0.34667240457264487, 0.34636461910736177, 0.3460561433715374, 0.3457469881033706, 0.34543716401372676, 0.3451266817805014, 0.34481555204311815, 0.34450378539717613, 0.34419139238924573, 0.3438783835118216, 0.34356476919844064, 0.3432505598189684, 0.3429357656750602, 0.34262039699580393, 0.34230446393354463, 0.34198797655989943, 0.34167094486196653, 0.3413533787387295, 0.3410352879976631, 0.34071668235154146, 0.3403975714154517, 0.3400779647040196, 0.3397578716288378, 0.3394373014961145, 0.33911626350452934, 0.33879476674330444, 0.3384728201904907, 0.33815043271146755, 0.3378276130576578, 0.33750436986545446, 0.33718071165536334, 0.3368566468313538, 0.3365321836804221, 0.33620733037236056, 0.33588209495973603, 0.33555648537806776, 0.3352305094462078, 0.3349041748669201, 0.3345774892276507, 0.3342504600014921, 0.33392309454833025, 0.33359540011617694, 0.3332673838426785, 0.3329390527567991, 0.33261041378067174, 0.3322814737316115, 0.33195223932429, 0.3316227171730597, 0.33129291379442655, 0.3309628356096636, 0.33063248894756, 0.3303018800472995, 0.3299710150614617, 0.3296399000591394, 0.32930854102916746, 0.328976943883454, 0.3286451144604093, 0.32831305852846565, 0.32798078178967893, 0.3276482898834086, 0.32731558839006664, 0.3269826828349302, 0.3266495786920083, 0.3263162813879612, 0.3259827963060568, 0.32564912879016816, 0.32531528414879257, 0.324981267659098, 0.32464708457098046, 0.3243127401111296, 0.3239782394870954, 0.3236435878913492, 0.32330879050533196, 0.32297385250348243, 0.3226387790572413, 0.3223035753390227, 0.32196824652614664, 0.3216327978047273, 0.3212972343735114, 0.320961561447659, 0.3206257842624626, 0.32028990807699753, 0.31995393817769807, 0.3196178798818577, 0.31928173854103825, 0.31894551954439804, 0.3186092283219182, 0.31827287034753377, 0.31793645114215985, 0.31759997627660885, 0.317263451374396, 0.316926882114428, 0.3165902742335697, 0.31625363352909, 0.3159169658609751, 0.31558027715411596, 0.3152435734003572, 0.3149068606604114, 0.3145701450656338, 0.3142334328196545, 0.31389673019986475, 0.31356004355876027, 0.3132233793251326, 0.3128867440051148, 0.31255014418307236, 0.3122135865223434, 0.3118770777658269, 0.311540624736416, 0.3112042343372777, 0.3108679135519757, 0.3105316694444433, 0.3101955091587991, 0.30985943991900844, 0.3095234690283957, 0.30918760386899763, 0.30885185190077497, 0.30851622066066453, 0.30818071776149136, 0.30784535089073, 0.3075101278091222, 0.30717505634915415, 0.3068401444133909, 0.30650539997267884, 0.306170831064206]",C0398
12,6,ring,45,200,31.97698329999912,0.15627795987559193,0.024666631122770972,False,"[0.17052191907667202, 0.17044066373704891, 0.17035948909715337, 0.17027839560729643, 0.17019738371258994, 0.17011645385297092, 0.17003560646322693, 0.16995484197302155, 0.16987416080692022, 0.1697935633844172, 0.1697130501199627, 0.1696326214229916, 0.16955227769795145, 0.16947201934433057, 0.16939184675669036, 0.1693117603246914, 0.1692317604331275, 0.16915184746195586, 0.16907202178632727, 0.16899228377661976, 0.16891263379847066, 0.1688330722128085, 0.16875359937588827, 0.16867421563932314, 0.16859492135011991, 0.16851571685071295, 0.1684366024789997, 0.16835757856837444, 0.16827864544776536, 0.16819980344167004, 0.1681210528701913, 0.16804239404907373, 0.16796382728974102, 0.167885352899332, 0.16780697118073876, 0.16772868243264438, 0.16765048694955934, 0.16757238502186125, 0.1674943769358318, 0.1674164629736954, 0.16733864341365812, 0.16726091852994607, 0.16718328859284412, 0.1671057538687357, 0.16702831462014037, 0.166950971105755, 0.16687372358049138, 0.16679657229551678, 0.16671951749829306, 0.16664255943261647, 0.16656569833865661, 0.1664889344529966, 0.16641226800867293, 0.1663356992352145, 0.16625922835868376, 0.1661828556017144, 0.16610658118355226, 0.16603040532009483, 0.16595432822393139, 0.16587835010438123, 0.1658024711675341, 0.16572669161628983, 0.16565101165039658, 0.1655754314664921, 0.16549995125813996, 0.16542457121587167, 0.16534929152722352, 0.16527411237677572, 0.1651990339461923, 0.1651240564142574, 0.16504917995691612, 0.1649744047473103, 0.16489973095581803, 0.16482515875009107, 0.16475068829509246, 0.1646763197531332, 0.16460205328391084, 0.16452788904454516, 0.16445382718961532, 0.16437986787119654, 0.16430601123889607, 0.16423225743988926, 0.16415860661895512, 0.16408505891851274, 0.16401161447865473, 0.16393827343718237, 0.16386503592964344, 0.16379190208936137, 0.16371887204747282, 0.1636459459329607, 0.16357312387268652, 0.1635004059914247, 0.16342779241189473, 0.1633552832547931, 0.1632828786388261, 0.1632105786807412, 0.16313838349535867, 0.16306629319560217, 0.16299430789252936, 0.16292242769536328, 0.1628506527115201, 0.16277898304664118, 0.16270741880462006, 0.16263596008763284, 0.1625646069961654, 0.16249335962904243, 0.16242221808345403, 0.16235118245498303, 0.1622802528376335, 0.16220942932385446, 0.16213871200456767, 0.16206810096919286, 0.1619975963056726, 0.1619271981004977, 0.16185690643873032, 0.16178672140402914, 0.16171664307867226, 0.16164667154358056, 0.16157680687833953, 0.16150704916122313, 0.1614373984692134, 0.16136785487802363, 0.16129841846211848, 0.16122908929473426, 0.1611598674478997, 0.1610907529924549, 0.16102174599807031, 0.16095284653326689, 0.16088405466543246, 0.1608153704608409, 0.1607467939846689, 0.16067832530101345, 0.160609964472908, 0.1605417115623383, 0.1604735666302592, 0.16040552973660813, 0.16033760094032126, 0.16026978029934802, 0.16020206787066318, 0.16013446371028225, 0.1600669678732737, 0.15999958041377163, 0.15993230138498785, 0.15986513083922407, 0.15979806882788208, 0.1597311154014763, 0.15966427060964253, 0.15959753450114955, 0.15953090712390763, 0.15946438852497757, 0.1593979787505805, 0.1593316778461056, 0.15926548585611833, 0.1591994028243667, 0.15913342879379075, 0.15906756380652698, 0.15900180790391594, 0.15893616112650805, 0.15887062351406805, 0.15880519510558203, 0.1587398759392602, 0.15867466605254227, 0.15860956548210162, 0.15854457426384805, 0.15847969243293136, 0.1584149200237443, 0.15835025706992553, 0.15828570360435992, 0.15822125965918257, 0.1581569252657786, 0.15809270045478452, 0.15802858525608943, 0.1579645796988343, 0.1579006838114133, 0.1578368976214722, 0.15777322115590853, 0.15770965444087004, 0.1576461975017539, 0.157582850363204, 0.15751961304911008, 0.15745648558260533, 0.1573934679860632, 0.15733056028109485, 0.15726776248854593, 0.15720507462849298, 0.1571424967202404, 0.15708002878231575, 0.157017670832465, 0.1569554228876491, 0.15689328496403807, 0.1568312570770068, 0.15676933924112946, 0.1567075314701732, 0.15664583377709393, 0.1565842461740273, 0.15652276867228668, 0.15646140128235284, 0.15640014401386867, 0.15633899687563305, 0.15627795987559193]",C0399
12,6,ring,46,200,32.0604543999998,0.3362351170206048,0.03697415692390921,False,"[0.36685995383145453, 0.3666836788900347, 0.3665076349151995, 0.3663318238307572, 0.36615624750789194, 0.36598090776473197, 0.3658058063659471, 0.36563094502237675, 0.3654563253906906, 0.36528194907307604, 0.3651078176169624, 0.36493393251477263, 0.36476029520370473, 0.3645869070655483, 0.364413769426528, 0.3642408835571794, 0.3640682506722557, 0.36389587193066436, 0.3637237484354348, 0.363551881233715, 0.3633802713167993, 0.36320891962018464, 0.363037827023658, 0.36286699435141173, 0.3626964223721874, 0.36252611179944944, 0.36235606329158615, 0.3621862774521401, 0.36201675483006324, 0.361847495920002, 0.36167850116260764, 0.3615097709448741, 0.3613413056004989, 0.3611731054102745, 0.3610051706024995, 0.3608375013534178, 0.36067009778768083, 0.36050295997883236, 0.3603360879498186, 0.360169481673518, 0.3600031410732953, 0.35983706602357685, 0.3596712563504459, 0.3595057118322582, 0.3593404322002787, 0.3591754171393365, 0.3590106662884993, 0.3588461792417639, 0.3586819555487672, 0.3585179947155124, 0.35835429620511094, 0.35819085943854195, 0.3580276837954252, 0.35786476861480937, 0.35770211319597495, 0.3575397167992483, 0.35737757864683056, 0.3572156979236382, 0.357054073778154, 0.35689270532329004, 0.3567315916372606, 0.3565707317644644, 0.3564101247163775, 0.35624976947245185, 0.3560896649810241, 0.35592981016023173, 0.35577020389893316, 0.35561084505763857, 0.3554517324694417, 0.3552928649409588, 0.3551342412532726, 0.3549758601628786, 0.3548177204026357, 0.3546598206827189, 0.35450215969157467, 0.3543447360968767, 0.35418754854648643, 0.3540305956694075, 0.3538738760767484, 0.3537173883626776, 0.3535611311053812, 0.3534051028680196, 0.35324930219968026, 0.3530937276363287, 0.3529383777017572, 0.3527832509085302, 0.35262834575892416, 0.3524736607458651, 0.352319194353861, 0.3521649450599276, 0.3520109113345113, 0.35185709164240236, 0.3517034844436467, 0.35155008819444505, 0.3513969013480502, 0.3512439223556532, 0.35109114966726374, 0.3509385817325801, 0.35078621700185336, 0.35063405392673985, 0.3504820909611459, 0.35033032656206303, 0.3501787591903917, 0.35002738731175614, 0.34987620939730957, 0.34972522392452615, 0.3495744293779824, 0.34942382425013047, 0.34927340704205495, 0.34912317626422107, 0.34897313043720946, 0.3488232680924399, 0.3486735877728802, 0.34852408803374524, 0.34837476744318, 0.348225624582932, 0.34807665804900884, 0.3479278664523229, 0.34777924841932206, 0.34763080259260604, 0.34748252763153015, 0.34733442221279387, 0.3471864850310144, 0.3470387147992877, 0.34689111024973335, 0.3467436701340254, 0.34659639322390884, 0.3464492783117004, 0.3463023242107743, 0.3461555297560342, 0.3460088938043693, 0.34586241523509426, 0.3457160929503756, 0.34556992587564306, 0.34542391295998204, 0.34527805317651633, 0.3451323455227699, 0.3449867890210175, 0.34484138271861714, 0.34469612568832897, 0.3445510170286166, 0.3444060558639361, 0.344261241345005, 0.34411657264906204, 0.34397204898010486, 0.34382766956911787, 0.34368343367428045, 0.34353934058116414, 0.3433953896029103, 0.3432515800803961, 0.34310791138238345, 0.3429643829056525, 0.3428209940751228, 0.34267774434395654, 0.34253463319364785, 0.3423916601340997, 0.3422488247036815, 0.3421061264692775, 0.3419635650263159, 0.34182113999878744, 0.3416788510392472, 0.3415366978288042, 0.34139468007709556, 0.3412527975222474, 0.34111104993082236, 0.3409694370977531, 0.34082795884626277, 0.34068661502777164, 0.3405454055217916, 0.3404043302358064, 0.34026338910514015, 0.34012258209281293, 0.33998190918938326, 0.33984137041278056, 0.339700965808122, 0.3395606954475194, 0.33942055942987587, 0.33928055788066785, 0.33914069095171767, 0.33900095882095543, 0.33886136169216696, 0.33872189979473616, 0.338582573383371, 0.33844338273782365, 0.3383043281625986, 0.33816540998665073, 0.33802662856307436, 0.3378879842687828, 0.3377494775041785, 0.3376111086928137, 0.3374728782810437, 0.3373347867376701, 0.33719683455357624, 0.3370590222413556, 0.33692135033493026, 0.33678381938916485, 0.3366464299794693, 0.33650918270139824, 0.33637207817024034, 0.3362351170206048]",C0400
12,8,linear,42,200,44.906415299999935,0.29427396855642407,0.053441391097125354,False,"[0.38214341328405305, 0.38141907823359195, 0.38069882920919046, 0.379982660361135, 0.3792705651612894, 0.37856253641327275, 0.3778585662636122, 0.37715864621379636, 0.37646276713315335, 0.3757709192724786, 0.3750830922783341, 0.3743992752079455, 0.37371945654461913, 0.37304362421360104, 0.37237176559831386, 0.37170386755688395, 0.37103991643890244, 0.37037989810234223, 0.3697237979305685, 0.36907160084937907, 0.36842329134401264, 0.3677788534760662, 0.36713827090027146, 0.3665015268810739, 0.36586860430896856, 0.36523948571655157, 0.364614153294242, 0.3639925889056414, 0.3633747741024946, 0.36276069013922485, 0.3621503179870185, 0.361543638347434, 0.3609406316655223, 0.36034127814243483, 0.35974555774752254, 0.35915345022989964, 0.35856493512948656, 0.3579799917875146, 0.3573985993565034, 0.3568207368097139, 0.3562463829500777, 0.35567551641862294, 0.3551081157023978, 0.35454415914191245, 0.3539836249381106, 0.3534264911588938, 0.3528727357452093, 0.35232233651673117, 0.351775271177148, 0.35123151731908636, 0.3506910524286894, 0.3501538538898757, 0.3496198989883041, 0.3490891649150682, 0.3485616287701471, 0.3480372675656352, 0.34751605822877824, 0.34699797760484, 0.3464830024598226, 0.3459711094830684, 0.3454622752897576, 0.34495647642333793, 0.344453689357896, 0.34395389050049713, 0.34345705619351025, 0.34296316271694444, 0.3424721862908022, 0.3419841030774787, 0.3414988891842165, 0.34101652066562543, 0.3405369735262947, 0.34006022372349415, 0.33958624716998215, 0.33911501973693187, 0.33864651725697775, 0.33818071552739387, 0.33771759031340887, 0.3372571173516581, 0.3367992723537839, 0.3363440310101768, 0.33589136899386646, 0.3354412619645586, 0.33499368557281456, 0.3345486154643797, 0.3341060272846457, 0.33366589668325314, 0.33322819931882286, 0.3327929108638181, 0.33236000700951857, 0.33192946347111496, 0.3315012559929027, 0.331075360353577, 0.3306517523716137, 0.33023040791073116, 0.32981130288541977, 0.3293944132665351, 0.3289797150869388, 0.32856718444718064, 0.3281567975212085, 0.32774853056210057, 0.32734235990780286, 0.3269382619868668, 0.32653621332417154, 0.3261361905466262, 0.3257381703888376, 0.3253421296987308, 0.32494804544312034, 0.3245558947132154, 0.3241656547300497, 0.3237773028498326, 0.3233908165692034, 0.32300617353039035, 0.3226233515262551, 0.3222423285052236, 0.3218630825760925, 0.3214855920127018, 0.32110983525846754, 0.3207357909307757, 0.3203634378252167, 0.319992754919669, 0.31962372137822076, 0.3192563165549212, 0.31889051999736734, 0.3185263114501114, 0.3181636708578955, 0.317802578368702, 0.31744301433662514, 0.31708495932455466, 0.3167283941066787, 0.3163732996707927, 0.3160196572204275, 0.3156674481767854, 0.31531665418048976, 0.3149672570931485, 0.3146192389987292, 0.3142725822047496, 0.31392726924328684, 0.31358328287180254, 0.3132406060737882, 0.31289922205923687, 0.3125591142649373, 0.3122202663545976, 0.31188266221880356, 0.31154628597480954, 0.31121112196616996, 0.3108771547622145, 0.310544369157371, 0.31021275017033817, 0.3098822830431179, 0.3095529532399027, 0.3092247464458357, 0.3088976485656348, 0.30857164572209483, 0.3082467242544689, 0.30792287071673435, 0.3076000718757511, 0.30727831470931033, 0.30695758640408993, 0.30663787435351003, 0.30631916615550053, 0.3060014496101876, 0.30568471271749603, 0.3053689436746804, 0.3050541308737881, 0.30474026289905437, 0.3044273285242441, 0.3041153167099326, 0.30380421660074347, 0.3034940175225365, 0.30318470897955896, 0.30287628065155986, 0.3025687223908722, 0.30226202421947107, 0.3019561763260052, 0.3016511690628151, 0.30134699294293116, 0.30104363863706646, 0.30074109697059775, 0.30043935892054735, 0.3001384156125611, 0.299838258317895, 0.29953887845040467, 0.2992402675635445, 0.29894241734738325, 0.2986453196256329, 0.29834896635269587, 0.29805334961073354, 0.29775846160676, 0.2974642946697578, 0.2971708412478277, 0.2968780939053612, 0.2965860453202503, 0.2962946882811312, 0.2960040156846598, 0.2957140205328282, 0.2954246959303169, 0.2951360350818901, 0.2948480312898292, 0.2945606779514098, 0.29427396855642407]",C0401
12,8,linear,43,200,43.143769399999655,0.22624298208391125,0.05910281309327779,False,"[0.38084933512674835, 0.3796500772962869, 0.37845022843654313, 0.37724979309261414, 0.37604878518768997, 0.37484722798557657, 0.3736451540271211, 0.3724426050407299, 0.3712396318272988, 0.3700362941199434, 0.36883266041903623, 0.3676288078031473, 0.366424821716576, 0.3652207957342728, 0.3640168313050221, 0.3628130374738648, 0.3616095305848121, 0.36040643396498995, 0.3592038775914215, 0.3580019977417413, 0.35680093663017126, 0.3556008420301704, 0.3544018668852104, 0.35320416890915607, 0.35200791017779637, 0.35081325671305325, 0.3496203780614499, 0.34842944686840566, 0.3472406384499303, 0.34605413036328025, 0.3448701019781199, 0.34368873404971145, 0.34251020829560347, 0.34133470697727647, 0.3401624124881218, 0.33899350694909763, 0.3378281718133343, 0.3366665874808911, 0.33550893292479295, 0.3343553853294104, 0.33320611974214215, 0.33206130873929335, 0.33092112210694624, 0.32978572653753285, 0.32865528534272453, 0.3275299581831677, 0.32640990081550164, 0.32529526485699806, 0.3241861975680829, 0.32308284165290135, 0.3219853350780117, 0.3208938109092064, 0.3198083971663761, 0.3187292166962657, 0.31765638706288796, 0.31659002045530465, 0.3155302236124086, 0.3144770977642971, 0.3134307385897598, 0.31239123618936265, 0.31135867507356624, 0.31033313416527214, 0.3093146868161694, 0.30830340083620894, 0.3072993385355238, 0.30630255677809265, 0.30531310704641346, 0.3043310355164752, 0.3033563831422782, 0.3023891857491747, 0.3014294741352945, 0.30047727418032527, 0.2995326069609366, 0.2985954888721324, 0.29766593175385, 0.29674394302213164, 0.29582952580421074, 0.2949226790768939, 0.29402339780761805, 0.2931316730976188, 0.2922474923266378, 0.291370839298656, 0.29050169438814893, 0.28964003468639044, 0.288785834147373, 0.28793906373292516, 0.2870996915566453, 0.28626768302630257, 0.28544300098437847, 0.28462560584644875, 0.2838154557371438, 0.28301250662343863, 0.282216712445066, 0.2814280252418511, 0.28064639527781, 0.2798717711618675, 0.27910409996506963, 0.278343327334198, 0.2775893976016947, 0.27684225389185807, 0.27610183822323886, 0.27536809160723413, 0.2746409541428537, 0.27392036510767037, 0.27320626304496143, 0.2724985858470843, 0.2717972708351069, 0.2711022548347603, 0.2704134742487611, 0.26973086512557365, 0.2690543632246873, 0.2683839040784848, 0.26771942305079355, 0.26706085539220165, 0.26640813629224125, 0.2657612009285301, 0.2651199845129753, 0.2644844223351352, 0.2638544498028547, 0.26323000248026035, 0.26261101612323506, 0.2619974267124674, 0.26138917048418714, 0.26078618395867686, 0.2601884039666766, 0.2595957676737713, 0.2590082126028636, 0.2584256766548236, 0.2578480981274214, 0.2572754157326169, 0.2567075686123093, 0.25614449635263226, 0.255586138996867, 0.2550324370570697, 0.2544833315244799, 0.25393876387878916, 0.2533986760963424, 0.25286301065734124, 0.2523317105521102, 0.25180471928649995, 0.25128198088647585, 0.25076343990195277, 0.25024904140994075, 0.24973873101703328, 0.24923245486130594, 0.24873015961366193, 0.24823179247866486, 0.24773730119491547, 0.2472466340349889, 0.24675973980498736, 0.24627656784373297, 0.24579706802163326, 0.24532119073925152, 0.2448488869256066, 0.24438010803623367, 0.24391480605102026, 0.24345293347184926, 0.2429944433200618, 0.24253928913376746, 0.24208742496500857, 0.2416388053768038, 0.24119338544007976, 0.24075112073050986, 0.24031196732526547, 0.23987588179969557, 0.2394428212239462, 0.23901274315952173, 0.23858560565580675, 0.2381613672465449, 0.23773998694628962, 0.2373214242468311, 0.2369056391136004, 0.23649259198206174, 0.2360822437540909, 0.2356745557943505, 0.23526948992665697, 0.23486700843035227, 0.23446707403666886, 0.2340696499251084, 0.23367469971981514, 0.23328218748596422, 0.23289207772615303, 0.23250433537680237, 0.23211892580456972, 0.23173581480276997, 0.23135496858780802, 0.2309763537956224, 0.2305999374781418, 0.2302256870997499, 0.22985357053376596, 0.22948355605893433, 0.22911561235592723, 0.2287497085038571, 0.22838581397680527, 0.2280238986403541, 0.22766393274814226, 0.22730588693841727, 0.2269497322306113, 0.2265954400219233, 0.22624298208391125]",C0402
12,8,linear,44,200,42.0547058000011,0.20063842986553773,0.06142740637852577,False,"[0.32007413423769077, 0.3191612708473089, 0.3182518057616874, 0.31734574003069177, 0.31644307608913375, 0.31554381766916745, 0.3146479697128328, 0.3137555382849735, 0.312866530486744, 0.31198095436990275, 0.31109881885207435, 0.3102201336331473, 0.30934490911296303, 0.3084731563104361, 0.30760488678423054, 0.30674011255511396, 0.3058788460300819, 0.3050210999283555, 0.30416688720932666, 0.30331622100252437, 0.3024691145396636, 0.3016255810888307, 0.30078563389085006, 0.299949286097869, 0.2991165507141918, 0.29828744053938744, 0.29746196811369013, 0.2966401456657028, 0.2958219850624149, 0.2950074977615393, 0.2941966947661628, 0.29338958658171543, 0.29258618317524276, 0.2917864939369805, 0.29099052764421374, 0.2901982924274115, 0.28940979573861597, 0.28862504432207453, 0.28784404418709136, 0.2870668005830799, 0.2862933179767932, 0.2855236000317128, 0.284757649589567, 0.2839954686539541, 0.28323705837604973, 0.28248241904236115, 0.28173155006450773, 0.2809844499709912, 0.2802411164009297, 0.279501546099716, 0.27876573491657175, 0.27803367780395755, 0.27730536881880113, 0.2765808011255059, 0.2758599670006963, 0.2751428578396598, 0.2744294641644371, 0.27371977563351163, 0.2730137810530582, 0.27231146838968745, 0.2716128247846395, 0.27091783656937407, 0.270226489282491, 0.2695387676879284, 0.2688546557943788, 0.26817413687585123, 0.2674971934933231, 0.26682380751741297, 0.2661539601520041, 0.26548763195875164, 0.2648248028824017, 0.2641654522768525, 0.2635095589318833, 0.2628571011004797, 0.26220805652667994, 0.2615624024738707, 0.260920115753458, 0.26028117275383805, 0.259645549469596, 0.25901322153086165, 0.25838416423274724, 0.25775835256479873, 0.257135761240391, 0.2565163647259965, 0.2559001372702667, 0.2552870529328534, 0.25467708561291663, 0.2540702090772487, 0.2534663969879688, 0.25286562292971915, 0.2522678604363207, 0.2516730830168324, 0.2510812641809668, 0.25049237746382347, 0.24990639644988824, 0.24932329479627327, 0.24874304625514979, 0.2481656246953526, 0.24759100412311966, 0.2470191587019455, 0.24645006277152562, 0.24588369086577286, 0.24532001772988613, 0.2447590183364672, 0.2442006679006641, 0.2436449418943476, 0.24309181605930533, 0.24254126641945997, 0.24199326929211082, 0.24144780129820295, 0.24090483937163173, 0.24036436076759413, 0.23982634306999406, 0.23929076419792072, 0.23875760241121227, 0.23822683631512787, 0.23769844486414274, 0.23717240736488976, 0.2366487034782747, 0.23612731322078498, 0.23560821696501688, 0.23509139543945723, 0.23457682972753713, 0.23406450126599232, 0.23355439184256133, 0.23304648359304714, 0.23254075899777926, 0.2320372008775029, 0.2315357923887289, 0.23103651701857733, 0.23053935857914618, 0.23004430120143513, 0.22955132932886094, 0.2290604277103908, 0.2285715813933289, 0.2280847757157867, 0.2275999962988652, 0.22711722903858164, 0.22663646009756963, 0.22615767589658176, 0.2256808631058184, 0.2252060086361201, 0.22473309963003837, 0.22426212345281835, 0.22379306768331553, 0.22332592010487032, 0.22286066869616383, 0.2223973016220764, 0.22193580722457087, 0.22147617401361872, 0.22101839065819054, 0.22056244597732677, 0.22010832893130575, 0.2196560286129283, 0.21920553423892764, 0.2187568351415247, 0.21830992076013975, 0.21786478063326944, 0.21742140439054583, 0.21697978174498153, 0.21653990248541713, 0.21610175646917018, 0.21566533361490414, 0.2152306238957129, 0.21479761733243488, 0.21436630398719755, 0.2139366739571974, 0.21350871736872035, 0.2130824243714011, 0.21265778513273184, 0.21223478983280764, 0.2118134286593287, 0.21139369180283943, 0.21097556945221882, 0.21055905179041445, 0.21014412899042093, 0.20973079121149693, 0.2093190285956276, 0.2089088312642173, 0.20850018931502035, 0.20809309281930158, 0.20768753181921915, 0.207283496325436, 0.2068809763149444, 0.20647996172910543, 0.20608044247189727, 0.20568240840836616, 0.20528584936327685, 0.20489075511995172, 0.20449711541930418, 0.20410491995904692, 0.2037141583930803, 0.20332482033104707, 0.20293689533805717, 0.20255037293456288, 0.20216524259639315, 0.20178149375493037, 0.20139911579742983, 0.2010180980674705, 0.20063842986553773]",C0403
12,8,linear,45,200,43.64340489999995,0.1323383019190735,0.04041684739180644,False,"[0.1696114172943993, 0.16938255269601424, 0.16915444355397893, 0.16892708365453513, 0.16870046673905947, 0.1684745865071815, 0.16824943661986688, 0.16802501070246015, 0.16780130234768928, 0.16757830511863067, 0.16735601255162777, 0.16713441815916905, 0.16691351543272015, 0.16669329784550854, 0.16647375885526292, 0.16625489190690326, 0.16603669043518163, 0.16581914786727406, 0.16560225762532257, 0.16538601312892412, 0.16517040779757064, 0.16495543505303512, 0.1647410883217064, 0.16452736103687257, 0.16431424664094899, 0.16410173858765686, 0.1638898303441453, 0.16367851539306458, 0.1634677872345833, 0.16325763938835475, 0.16304806539543007, 0.1628390588201203, 0.16263061325180536, 0.16242272230669155, 0.162215379629519, 0.16200857889521728, 0.16180231381051233, 0.16159657811548037, 0.161391365585057, 0.16118667003049492, 0.1609824853007734, 0.16077880528396282, 0.1605756239085395, 0.1603729351446572, 0.16017073300537155, 0.15996901154782084, 0.1597677648743626, 0.15956698713366685, 0.1593666725217683, 0.15916681528307497, 0.15896740971133883, 0.1587684501505829, 0.15856993099599362, 0.15837184669477092, 0.15817419174694278, 0.15797696070614314, 0.1577801481803531, 0.1575837488326077, 0.15738775738166802, 0.15719216860266041, 0.156996977327681, 0.15680217844637145, 0.15660776690646114, 0.15641373771427936, 0.15622008593523792, 0.15602680669428687, 0.15583389517633808, 0.15564134662666404, 0.15544915635126996, 0.1552573197172389, 0.15506583215305125, 0.1548746891488809, 0.15468388625686472, 0.15449341909135192, 0.15430328332912763, 0.15411347470961564, 0.1539239890350593, 0.15373482217068055, 0.15354597004481885, 0.153357428649051, 0.1531691940382888, 0.1529812623308596, 0.15279362970856952, 0.1526062924167442, 0.1524192467642557, 0.15223248912353152, 0.15204601593054376, 0.15185982368478634, 0.15167390894923224, 0.15148826835027776, 0.15130289857766835, 0.1511177963844124, 0.1509329585866783, 0.15074838206367794, 0.15056406375753542, 0.15038000067314214, 0.1501961898779978, 0.15001262850203925, 0.14982931373745456, 0.14964624283848446, 0.14946341312121278, 0.14928082196334114, 0.149098466803955, 0.1489163451432749, 0.14873445454239506, 0.1485527926230151, 0.1483713570671533, 0.14819014561685295, 0.14800915607387702, 0.14782838629938977, 0.14764783421362787, 0.14746749779556237, 0.14728737508254694, 0.14710746416995876, 0.14692776321082524, 0.14674827041544306, 0.14656898405098628, 0.1463899024411034, 0.14621102396550475, 0.14603234705954068, 0.14585387021376864, 0.1456755919735111, 0.1454975109384037, 0.1453196257619346, 0.1451419351509732, 0.14496443786528987, 0.14478713271706792, 0.14461001857040426, 0.1444330943408015, 0.1442563589946554, 0.14407981154872607, 0.14390345106960703, 0.1437272766731832, 0.14355128752408094, 0.14337548283511084, 0.14319986186670028, 0.1430244239263212, 0.14284916836790837, 0.14267409459126987, 0.14249920204149258, 0.1423244902083366, 0.14214995862562801, 0.1419756068706399, 0.14180143456346964, 0.1416274413664092, 0.14145362698330935, 0.14127999115893802, 0.1411065336783326, 0.14093325436614645, 0.14076015308599235, 0.1405872297397777, 0.1404144842670373, 0.14024191664426158, 0.14006952688421767, 0.1398973150352719, 0.13972528118070254, 0.13955342543801338, 0.13938174795824274, 0.13921024892526887, 0.1390389285551128, 0.13886778709524072, 0.13869682482386228, 0.13852604204922717, 0.13835543910892123, 0.13818501636916244, 0.1380147742240909, 0.13784471309506646, 0.13767483342995782, 0.13750513570243716, 0.13733562041127348, 0.13716628807962544, 0.13699713925433718, 0.13682817450523369, 0.13665939442441952, 0.13649079962557795, 0.13632239074327177, 0.13615416843225023, 0.13598613336675344, 0.13581828623982603, 0.13565062776262707, 0.13548315866375188, 0.13531587968855086, 0.13514879159845652, 0.1349818951703152, 0.1348151911957214, 0.1346486804803588, 0.13448236384334858, 0.13431624211660023, 0.13415031614416925, 0.13398458678162442, 0.13381905489541707, 0.13365372136226092, 0.1334885870685155, 0.1333236529095814, 0.13315891978929983, 0.13299438861936005, 0.1328300603187166, 0.13266593581301475, 0.13250201603402254, 0.1323383019190735]",C0404
12,8,linear,46,200,42.57386669999869,0.2093986417781756,0.05437536468615012,False,"[0.38177473630237607, 0.379959020864367, 0.37815237834380727, 0.3763544989678865, 0.37456510460789977, 0.3727839478943615, 0.3710108112972525, 0.3692455061795577, 0.3674878718310221, 0.3657377744879246, 0.36399510634365817, 0.3622597845539805, 0.3605317502400039, 0.358810967491284, 0.3570974223707604, 0.355391121922803, 0.35369209318518613, 0.3520003822054887, 0.3503160530621596, 0.34863918689029266, 0.34696988091205233, 0.345308247471609, 0.3436544130744366, 0.3420085174308493, 0.34037071250371675, 0.33874116156038614, 0.3371200382289488, 0.3355075255591247, 0.3339038150881639, 0.3323091059123196, 0.3307236037645844, 0.3291475200995306, 0.32758107118622876, 0.3260244772103515, 0.32447796138669527, 0.32294174908345175, 0.3214160669596738, 0.3199011421174534, 0.31839720127041254, 0.3169044699301557, 0.31542317161238814, 0.3139535270644312, 0.31249575351587705, 0.31105006395413926, 0.3096166664266358, 0.3081957633713161, 0.3067875509772064, 0.3053922185765867, 0.30400994807034754, 0.3026409133879859, 0.3012852799835947, 0.2999432043690983, 0.29861483368583974, 0.29730030531549034, 0.29599974653110106, 0.2947132741889358, 0.29344099446155203, 0.2921830026124124, 0.2909393828121038, 0.2897102079960551, 0.2884955397634252, 0.287295428316647, 0.28610991244089307, 0.2849390195225447, 0.2837827656055512, 0.2826411554843739, 0.2815141828320532, 0.2804018303617649, 0.2793040700200951, 0.27822086321012796, 0.2771521610423415, 0.27609790461119377, 0.27505802529523293, 0.2740324450784865, 0.27302107689086613, 0.27202382496529987, 0.271040585209307, 0.27007124558875445, 0.26911568652156054, 0.26817378127917646, 0.2672453963937323, 0.26633039206881426, 0.2654286225919356, 0.2645399367468583, 0.26366417822402693, 0.26280118602750313, 0.26195079487688866, 0.2611128356028682, 0.2602871355351057, 0.25947351888137354, 0.25867180709689996, 0.2578818192430549, 0.2571033723346046, 0.2563362816748882, 0.2555803611783734, 0.25483542368016376, 0.2541012812321172, 0.2533777453853487, 0.2526646274589533, 0.2519617387948919, 0.2512688909990437, 0.2505858961684997, 0.2499125671052341, 0.24924871751634614, 0.24859416220111952, 0.24794871722517806, 0.24731220008206445, 0.24668442984259734, 0.2460652272923878, 0.24545441505791796, 0.24485181772160525, 0.24425726192628858, 0.24367057646957435, 0.24309159238850078, 0.2425201430349673, 0.24195606414238516, 0.24139919388400252, 0.24084937292334233, 0.24030644445719898, 0.2397702542516242, 0.23924065067131817, 0.23871748470284027, 0.23820060997203515, 0.23768988275606143, 0.2371851619903889, 0.236686309271127, 0.23619318885302557, 0.23570566764347176, 0.23522361519280674, 0.23474690368124698, 0.23427540790270654, 0.23380900524578485, 0.23334757567217268, 0.2328910016927239, 0.23243916834141568, 0.231991963147415, 0.2315492761054538, 0.23111099964469595, 0.2306770285962831, 0.23024726015972052, 0.22982159386825565, 0.22939993155339808, 0.22898217730871537, 0.22856823745302712, 0.22815802049311526, 0.22775143708605636, 0.2273484000012755, 0.2269488240824148, 0.2265526262090992, 0.2261597252586729, 0.22577004206798568, 0.22538349939528401, 0.2250000218822724, 0.22461953601639706, 0.224241970093395, 0.22386725418015974, 0.22349532007795936, 0.2231261012860384, 0.2227595329656403, 0.2223955519044758, 0.22203409648166048, 0.2216751066331432, 0.2213185238176446, 0.2209642909831201, 0.22061235253376252, 0.22026265429754985, 0.2199151434943568, 0.21956976870462508, 0.21922647983860696, 0.21888522810618227, 0.2185459659872482, 0.21820864720268626, 0.21787322668590806, 0.21753966055496657, 0.21720790608524787, 0.21687792168272188, 0.21654966685776125, 0.21622310219951524, 0.21589818935083582, 0.2155748909837484, 0.21525317077546127, 0.21493299338490482, 0.2146143244297932, 0.21429713046420187, 0.2139813789566493, 0.21366703826867528, 0.2133540776339089, 0.21304246713761377, 0.21273217769670275, 0.21242318104021332, 0.2121154496902324, 0.2118089569432617, 0.2115036768520153, 0.2111995842076382, 0.21089665452233516, 0.21059486401240565, 0.21029418958166798, 0.2099946088052682, 0.20969609991386526, 0.2093986417781756]",C0405
12,8,ring,42,200,44.06450649999897,0.33185665029644246,0.04129654134092032,False,"[0.38024218034820195, 0.37995953914557434, 0.3796766971481655, 0.37939366456366136, 0.37911045169562824, 0.3788270689406234, 0.37854352678521774, 0.378259835802931, 0.3779760066510909, 0.37769205006760975, 0.3774079768676884, 0.3771237979404498, 0.3768395242454978, 0.3765551668094182, 0.3762707367222129, 0.3759862451336787, 0.3757017032497301, 0.3754171223286722, 0.37513251367742656, 0.37484788864771473, 0.37456325863220163, 0.3742786350606057, 0.3739940293957758, 0.3737094531297438, 0.373424917779754, 0.3731404348842709, 0.3728560159989778, 0.3725716726927601, 0.37228741654368586, 0.3720032591349818, 0.3717192120510133, 0.37143528687327004, 0.3711514951763591, 0.37086784852401705, 0.37058435846513427, 0.3703010365298063, 0.3700178942254066, 0.36973494303269144, 0.36945219440193616, 0.36916965974910826, 0.3688873504520809, 0.3686052778468887, 0.3683234532240321, 0.36804188782482655, 0.367760592837812, 0.36747957939521214, 0.3671988585694536, 0.36691844136974644, 0.3666383387387298, 0.3663585615491814, 0.366079120600797, 0.36580002661704053, 0.36552129024206614, 0.36524292203771597, 0.36496493248059214, 0.3646873319592105, 0.3644101307712311, 0.364133339120768, 0.36385696711578874, 0.3635810247655864, 0.3633055219783454, 0.3630304685587875, 0.36275587420590355, 0.36248174851077514, 0.36220810095447903, 0.3619349409060814, 0.36166227762071884, 0.36139012023776756, 0.36111847777909856, 0.3608473591474222, 0.3605767731247183, 0.3603067283707553, 0.3600372334216921, 0.3597682966887717, 0.35949992645709344, 0.35923213088447564, 0.35896491800039815, 0.35869829570502954, 0.3584322717683368, 0.3581668538292739, 0.35790204939505305, 0.35763786584049123, 0.3573743104074383, 0.35711139020427685, 0.35684911220550103, 0.35658748325136563, 0.356326510047609, 0.35606619916524584, 0.35580655704042985, 0.3555475899743828, 0.3552893041333904, 0.35503170554886054, 0.3547748001174491, 0.3545185936012407, 0.3542630916279938, 0.3540082996914382, 0.35375422315163735, 0.3535008672353946, 0.35324823703671937, 0.352996337517342, 0.3527451735072767, 0.3524947497054356, 0.3522450706802836, 0.35199614087054193, 0.3517479645859321, 0.3515005460079603, 0.35125388919074313, 0.35100799806186816, 0.35076287642329246, 0.3505185279522753, 0.350274956202341, 0.35003216460427783, 0.34979015646716277, 0.34954893497941386, 0.34930850320987433, 0.34906886410891397, 0.348830020509562, 0.34859197512865775, 0.34835473056802324, 0.3481182893156558, 0.3478826537469381, 0.34764782612586625, 0.3474138086062932, 0.3471806032331854, 0.34694821194389386, 0.34671663656943746, 0.34648587883579623, 0.34625594036521484, 0.3460268226775141, 0.34579852719141185, 0.34557105522584797, 0.34534440800131655, 0.3451185866412028, 0.34489359217312243, 0.3446694255302638, 0.34444608755273337, 0.34422357898890255, 0.34400190049674934, 0.3437810526452087, 0.3435610359155124, 0.34334185070253215, 0.34312349731611896, 0.3429059759824377, 0.34268928684529804, 0.34247342996748137, 0.3422584053320627, 0.3420442128437236, 0.34183085233006333, 0.3416183235428983, 0.34140662615955764, 0.34119575978416866, 0.34098572394893445, 0.34077651811540305, 0.34056814167572674, 0.34036059395391277, 0.3401538742070618, 0.3399479816265996, 0.3397429153394939, 0.3395386744094649, 0.3393352578381801, 0.33913266456644037, 0.33893089347535454, 0.3387299433875011, 0.33852981306807717, 0.33833050122603686, 0.33813200651521624, 0.33793432753544655, 0.3377374628336523, 0.33754141090494133, 0.33734617019367613, 0.33715173909453716, 0.3369581159535706, 0.3367652990692223, 0.33657328669336195, 0.3363820770322901, 0.33619166824773544, 0.33600205845783643, 0.3358132457381105, 0.3356252281224117, 0.3354380036038737, 0.3352515701358379, 0.33506592563277304, 0.33488106797117956, 0.33469699499047967, 0.33451370449389567, 0.33433119424931873, 0.334149461990159, 0.3339685054161892, 0.33378832219437243, 0.333608909959676, 0.33343026631588035, 0.3332523888363665, 0.3330752750649, 0.33289892251639736, 0.3327233286776843, 0.33254849100823985, 0.3323744069409321, 0.33220107388274045, 0.33202848921546796, 0.33185665029644246]",C0406
12,8,ring,43,200,44.095810200000415,0.3444503718255112,0.04114096786466671,False,"[0.3923792382559588, 0.3921096613411698, 0.3918398631511248, 0.391569848597392, 0.39129962270607926, 0.3910291906181787, 0.39075855758985295, 0.39048772899266165, 0.3902167103137329, 0.3899455071558673, 0.3896741252375884, 0.38940257039312454, 0.38913084857233154, 0.38885896584055174, 0.38858692837840403, 0.3883147424815147, 0.38804241456017974, 0.3877699511389578, 0.3874973588562017, 0.3872246444635186, 0.38695181482516156, 0.38667887691735414, 0.3864058378275473, 0.3861327047536012, 0.38585948500290446, 0.38558618599141825, 0.38531281524265165, 0.385039380386567, 0.3847658891584141, 0.384492349397493, 0.3842187690458499, 0.3839451561468949, 0.3836715188439566, 0.38339786537876414, 0.3831242040898559, 0.3828505434109215, 0.3825768918690738, 0.38230325808305093, 0.38202965076135026, 0.38175607870029227, 0.38148255078201965, 0.38120907597242765, 0.38093566331902723, 0.3806623219487455, 0.38038906106565884, 0.38011588994866363, 0.37984281794908226, 0.37956985448821196, 0.3792970090548069, 0.3790242912025053, 0.3787517105471974, 0.3784792767643341, 0.3782069995861834, 0.3779348887990313, 0.3776629542403296, 0.37739120579579294, 0.3771196533964467, 0.37684830701562855, 0.37657717666594076, 0.37630627239616093, 0.37603560428811117, 0.3757651824534834, 0.37549501703063054, 0.37522511818131754, 0.3749554960874422, 0.3746861609477214, 0.37441712297434687, 0.37414839238961467, 0.37387997942253093, 0.3736118943053908, 0.373344147270341, 0.37307674854592016, 0.3728097083535858, 0.3725430369042284, 0.37227674439467306, 0.3720108410041749, 0.37174533689090644, 0.37148024218844283, 0.37121556700224917, 0.3709513214061644, 0.3706875154388969, 0.37042415910052023, 0.3701612623489847, 0.36989883509663857, 0.3696368872067655, 0.369375428490139, 0.369114468701599, 0.3688540175366504, 0.3685940846280886, 0.36833467954264965, 0.36807581177769727, 0.36781749075793874, 0.3675597258321777, 0.3673025262701069, 0.3670459012591385, 0.3667898599012826, 0.36653441121006597, 0.36627956410750345, 0.3660253274211141, 0.36577170988099655, 0.36551872011695113, 0.3652663666556663, 0.36501465791795873, 0.36476360221607385, 0.36451320775105417, 0.36426348261016356, 0.36401443476438716, 0.3637660720659912, 0.3635184022461575, 0.3632714329126874, 0.3630251715477763, 0.36277962550586634, 0.3625348020115702, 0.3622907081576751, 0.362047350903221, 0.36180473707166044, 0.3615628733490965, 0.36132176628260243, 0.36108142227862167, 0.36084184760145144, 0.3606030483718077, 0.3603650305654751, 0.36012780001203953, 0.359891362393705, 0.35965572324419726, 0.35942088794774757, 0.3591868617381671, 0.3589536496980014, 0.35872125675777217, 0.3584896876953039, 0.3582589471351339, 0.35802903954800697, 0.35779996925045204, 0.35757174040444945, 0.35734435701716877, 0.3571178229408009, 0.35689214187246376, 0.3566673173541914, 0.3564433527730055, 0.35622025136105995, 0.35599801619586874, 0.3557766502006096, 0.3555561561445006, 0.3553365366432563, 0.35511779415961325, 0.3548999310039296, 0.35468294933485556, 0.35446685116007376, 0.35425163833710543, 0.3540373125741873, 0.3538238754312088, 0.35361132832071734, 0.35339967250898224, 0.35318890911712053, 0.35297903912228207, 0.3527700633588884, 0.35256198251993265, 0.35235479715832624, 0.35214850768830336, 0.35194311438687115, 0.3517386173953098, 0.3515350167207201, 0.35133231223761313, 0.3511305036895445, 0.3509295906907885, 0.3507295727280526, 0.35053044916222653, 0.3503322192301705, 0.3501348820465325, 0.34993843660560087, 0.34974288178318563, 0.349548216338526, 0.3493544389162258, 0.3491615480482146, 0.3489695421557282, 0.34877841955131134, 0.34858817844083984, 0.3483988169255605, 0.34821033300414433, 0.3480227245747564, 0.34783598943713573, 0.34765012529468725, 0.34746512975658134, 0.3472810003398623, 0.34709773447156206, 0.34691532949081494, 0.34673378265098215, 0.3465530911217709, 0.34637325199135643, 0.3461942622685024, 0.3460161188846777, 0.34583881869616895, 0.34566235848618826, 0.34548673496697385, 0.3453119447818805, 0.34513798450746597, 0.3449648506555607, 0.34479253967533036, 0.3446210479553242, 0.3444503718255112]",C0407
12,8,ring,44,200,44.0721080000003,0.32078857799543264,0.038593000080062737,False,"[0.3540614912418294, 0.3538757457420043, 0.3536902884782352, 0.3535051169862413, 0.35332022879867625, 0.3531356214459304, 0.3529512924569296, 0.352767239359924, 0.35258345968327526, 0.35239995095623405, 0.3522167107097145, 0.35203373647706043, 0.3518510257948067, 0.3516685762034337, 0.35148638524811776, 0.35130445047947206, 0.3511227694542846, 0.35094133973624864, 0.3507601588966862, 0.35057922451526863, 0.3503985341807261, 0.35021808549155525, 0.35003787605671693, 0.3498579034963325, 0.3496781654423682, 0.3494986595393163, 0.3493193834448703, 0.3491403348305913, 0.34896151138257125, 0.34878291080208523, 0.3486045308062404, 0.3484263691286187, 0.3482484235199097, 0.3480706917485392, 0.3478931716012903, 0.3477158608839179, 0.3475387574217541, 0.3473618590603105, 0.34718516366586943, 0.3470086691260692, 0.3468323733504836, 0.34665627427119255, 0.3464803698433439, 0.34630465804571103, 0.34612913688123936, 0.3459538043775876, 0.34577865858765916, 0.3456036975901268, 0.3454289194899485, 0.3452543224188758, 0.34507990453595355, 0.3449056640280086, 0.34473159911013584, 0.34455770802617, 0.3443839890491504, 0.34421044048177724, 0.34403706065685963, 0.3438638479377512, 0.3436908007187809, 0.34351791742566995, 0.34334519651594225, 0.3431726364793239, 0.3430002358381327, 0.34282799314765877, 0.34265590699653287, 0.3424839760070866, 0.3423121988357028, 0.3421405741731513, 0.3419691007449195, 0.3417977773115277, 0.341626602668837, 0.3414555756483419, 0.3412846951174573, 0.3411139599797897, 0.34094336917539825, 0.34077292168104517, 0.3406026165104335, 0.34043245271443334, 0.3402624293812961, 0.34009254563685737, 0.33992280064472674, 0.3397531936064651, 0.3395837237617514, 0.3394143903885339, 0.3392451928031735, 0.33907613036056844, 0.33890720245427103, 0.3387384085165898, 0.33856974801867806, 0.3384012204706109, 0.3382328254214471, 0.33806456245928035, 0.3378964312112749, 0.33772843134368946, 0.3375605625618863, 0.3373928246103299, 0.3372252172725665, 0.3370577403711977, 0.33689039376783314, 0.33672317736303436, 0.3365560910962435, 0.3363891349456995, 0.33622230892833677, 0.33605561309967635, 0.33588904755369886, 0.33572261242270424, 0.3355563078771608, 0.33539013412553714, 0.33522409141412296, 0.33505818002683524, 0.33489240028501094, 0.33472675254718726, 0.3345612372088673, 0.3343958547022728, 0.3342306054960851, 0.3340654900951696, 0.3339005090402917, 0.3337356629078156, 0.333570952309393, 0.3334063778916376, 0.33324194033578863, 0.33307764035735915, 0.33291347870577537, 0.3327494561640005, 0.33258557354814966, 0.33242183170709033, 0.3322582315220331, 0.33209477390610864, 0.33193145980393596, 0.3317682901911765, 0.3316052660740813, 0.33144238848902213, 0.3312796585020166, 0.331117077208241, 0.3309546457315327, 0.33079236522388356, 0.3306302368649224, 0.33046826186138994, 0.3303064414466029, 0.3301447768799101, 0.32998326944613815, 0.32982192045503295, 0.32966073124068684, 0.32949970316096405, 0.32933883759691396, 0.32917813595217943, 0.3290175996523987, 0.3288572301445974, 0.32869702889657737, 0.328536997396299, 0.32837713715125466, 0.32821744968784095, 0.3280579365507233, 0.3278985993021955, 0.32773943952153545, 0.3275804588043574, 0.32742165876195833, 0.32726304102066245, 0.3271046072211616, 0.3269463590178527, 0.3267882980781736, 0.32663042608193477, 0.3264727447206516, 0.32631525569687186, 0.3261579607235052, 0.3260008615231495, 0.325843959827417, 0.3256872573762611, 0.3255307559173024, 0.32537445720515407, 0.32521836300075035, 0.3250624750706747, 0.3249067951864883, 0.32475132512406224, 0.32459606666291024, 0.32444102158552457, 0.3242861916767134, 0.3241315787229421, 0.3239771845116778, 0.32382301083073634, 0.3236690594676354, 0.3235153322089476, 0.32336183083966225, 0.32320855714255053, 0.32305551289753326, 0.3229026998810582, 0.3227501198654779, 0.3225977746184381, 0.322445665902269, 0.3222937954733834, 0.32214216508168214, 0.32199077646996704, 0.32183963137335786, 0.32168873151871874, 0.32153807862409345, 0.32138767439814403, 0.3212375205396027, 0.32108761873672703, 0.3209379706667653, 0.32078857799543264]",C0408
12,8,ring,45,200,43.43144340000072,0.14871054288387378,0.027858949116895255,False,"[0.1711393873469543, 0.17099112051794393, 0.17084313583745223, 0.1706954362811274, 0.1705480247837702, 0.17040090423912777, 0.17025407749970445, 0.17010754737658682, 0.16996131663928193, 0.16981538801557064, 0.1696697641913766, 0.16952444781064724, 0.16937944147525041, 0.1692347477448833, 0.16909036913699638, 0.1689463081267302, 0.1688025671468654, 0.1686591485877855, 0.16851605479745294, 0.16837328808139865, 0.16823085070272192, 0.16808874488210568, 0.1679469727978401, 0.16780553658586114, 0.16766443833979952, 0.1675236801110409, 0.167383263908798, 0.1672431917001931, 0.16710346541035115, 0.16696408692250433, 0.16682505807810588, 0.16668638067695443, 0.16654805647732893, 0.16641008719613132, 0.16627247450903995, 0.1661352200506733, 0.16599832541475848, 0.16586179215431338, 0.16572562178183423, 0.16558981576949125, 0.1654543755493345, 0.16531930251350493, 0.1651845980144542, 0.16505026336517167, 0.1649162998394191, 0.16478270867196934, 0.16464949105885585, 0.16451664815762457, 0.16438418108759456, 0.16425209093012327, 0.1641203787288777, 0.16398904549011095, 0.16385809218294478, 0.16372751973965569, 0.16359732905596716, 0.16346752099134526, 0.16333809636929983, 0.16320905597768962, 0.16308040056902953, 0.16295213086080476, 0.1628242475357866, 0.16269675124234995, 0.16256964259479836, 0.16244292217368883, 0.16231659052615918, 0.16219064816625975, 0.16206509557528712, 0.16193993320211938, 0.16181516146355296, 0.1616907807446445, 0.16156679139904942, 0.16144319374936708, 0.16131998808748388, 0.16119717467491954, 0.1610747537431735, 0.16095272549407283, 0.1608310901001201, 0.16070984770484284, 0.16058899842314425, 0.160468542341652, 0.16034847951906817, 0.16022880998652186, 0.16010953374791728, 0.15999065078028554, 0.15987216103413376, 0.15975406443379667, 0.15963636087778324, 0.1595190502391272, 0.1594021323657353, 0.15928560708073333, 0.1591694741828127, 0.1590537334465766, 0.15893838462288484, 0.15882342743919411, 0.15870886159990313, 0.15859468678669153, 0.1584809026588593, 0.1583675088536645, 0.15825450498665927, 0.1581418906520247, 0.15802966542290273, 0.1579178288517277, 0.15780638047055537, 0.15769531979138987, 0.15758464630650962, 0.15747435948878996, 0.15736445879202396, 0.15725494365124296, 0.15714581348303178, 0.1570370676858439, 0.15692870564031494, 0.15682072670957134, 0.15671313023953867, 0.15660591555924733, 0.15649908198113507, 0.1563926288013484, 0.15628655530003915, 0.15618086074166168, 0.1560755443752648, 0.1559706054347831, 0.1558660431393246, 0.1557618566934558, 0.1556580452874848, 0.15555460809774113, 0.15545154428685368, 0.15534885300402515, 0.15524653338530456, 0.1551445845538557, 0.1550430056202257, 0.15494179568260716, 0.15484095382710078, 0.1547404791279745, 0.1546403706479175, 0.1545406274382952, 0.15444124853939947, 0.15434223298069552, 0.15424357978106892, 0.15414528794906557, 0.154047356483133, 0.15394978437185738, 0.15385257059419705, 0.15375571411971464, 0.15365921390880552, 0.15356306891292462, 0.15346727807480998, 0.15337184032870302, 0.15327675460056667, 0.15318201980830307, 0.15308763486196383, 0.1529935986639618, 0.15289991010927945, 0.15280656808567256, 0.15271357147387396, 0.15262091914779366, 0.15252860997471587, 0.1524366428154943, 0.15234501652474497, 0.15225372995103578, 0.1521627819370743, 0.15207217131989295, 0.15198189693103184, 0.1518919575967191, 0.1518023521380476, 0.1517130793711526, 0.1516241381073831, 0.15153552715347388, 0.15144724531171208, 0.15135929138010615, 0.1512716641525478, 0.15118436241897412, 0.15109738496552763, 0.1510107305747122, 0.15092439802554974, 0.15083838609373162, 0.15075269355176993, 0.1506673191691463, 0.15058226171245828, 0.15049751994556285, 0.15041309262972033, 0.15032897852373323, 0.1502451763840849, 0.15016168496507623, 0.1500785030189595, 0.14999562929607044, 0.14991306254495892, 0.1498308015125179, 0.14974884494410837, 0.1496671915836865, 0.14958584017392337, 0.14950478945632903, 0.14942403817136932, 0.14934358505858514, 0.14926342885670604, 0.1491835683037658, 0.14910400213721378, 0.14902472909402523, 0.14894574791081053, 0.14886705732392216, 0.14878865606955974, 0.14871054288387378]",C0409
12,8,ring,46,200,43.3785728999992,0.31276995658537515,0.03814755698045757,False,"[0.3592077739438659, 0.35889292409268253, 0.3585784297868988, 0.358264306527178, 0.3579505696602874, 0.3576372343754736, 0.3573243157009884, 0.35701182850075375, 0.35669978747117637, 0.3563882071381033, 0.35607710185392527, 0.3557664857948224, 0.35545637295815474, 0.35514677715999654, 0.3548377120328114, 0.35452919102326996, 0.3542212273902072, 0.35391383420271855, 0.35360702433839264, 0.3533008104816824, 0.35299520512240484, 0.35269022055437893, 0.3523858688741884, 0.3520821619800752, 0.3517791115709577, 0.3514767291455733, 0.35117502600173944, 0.3508740132357357, 0.35057370174180047, 0.3502741022117415, 0.3499752251346553, 0.34967708079675797, 0.34937967928131636, 0.3490830304686852, 0.34878714403644273, 0.34849202945962027, 0.3481976960110292, 0.34790415276167597, 0.34761140858126555, 0.3473194721387893, 0.3470283519031943, 0.3467380561441337, 0.34644859293278923, 0.3461599701427706, 0.3458721954510821, 0.3455852763391576, 0.34529922009396025, 0.3450140338091438, 0.34472972438627125, 0.34444629853609116, 0.34416376277986754, 0.34388212345075914, 0.34360138669524726, 0.343321558474611, 0.34304264456644157, 0.3427646505662025, 0.34248758188882206, 0.3422114437703289, 0.3419362412695137, 0.3416619792696273, 0.3413886624801068, 0.34111629543832733, 0.3408448825113815, 0.34057442789788, 0.3403049356297736, 0.3400364095741952, 0.3397688534353198, 0.3395022707562381, 0.3392366649208476, 0.33897203915575186, 0.33870839653217616, 0.33844573996788757, 0.3381840722291259, 0.33792339593254067, 0.33766371354713365, 0.3374050273962046, 0.33714733965930055, 0.33689065237416793, 0.33663496743870325, 0.33638028661290353, 0.33612661152081813, 0.3358739436524943, 0.33562228436592156, 0.33537163488897287, 0.33512199632133916, 0.3348733696364566, 0.3346257556834326, 0.33437915518896033, 0.334133568759225, 0.3338889968818066, 0.33364543992756684, 0.33340289815253393, 0.33316137169977106, 0.33292086060123766, 0.3326813647796394, 0.33244288405026673, 0.3322054181228206, 0.33196896660322844, 0.3317335289954451, 0.33149910470324256, 0.33126569303198705, 0.3310332931904021, 0.33080190429231715, 0.33057152535840634, 0.3303421553179074, 0.33011379301033233, 0.3298864371871596, 0.329660086513515, 0.32943473956983554, 0.3292103948535204, 0.328987050780566, 0.3287647056871875, 0.3285433578314236, 0.32832300539472853, 0.3281036464835467, 0.32788527913087495, 0.3276679012978068, 0.3274515108750626, 0.3272361056845073, 0.3270216834806469, 0.32680824195211616, 0.3265957787231474, 0.32638429135502445, 0.326173777347522, 0.32596423414033066, 0.3257556591144648, 0.32554804959365635, 0.32534140284573404, 0.3251357160839868, 0.3249309864685116, 0.3247272111075486, 0.3245243870587974, 0.32432251133072226, 0.32412158088384047, 0.32392159263199594, 0.3237225434436182, 0.3235244301429673, 0.3233272495113625, 0.32313099828839836, 0.3229356731731439, 0.3227412708253294, 0.322547787866517, 0.3223552208812586, 0.3221635664182373, 0.3219728209913965, 0.3217829810810537, 0.32159404313500023, 0.3214060035695869, 0.3212188587707955, 0.3210326050952971, 0.32084723887149474, 0.3206627564005542, 0.32047915395741905, 0.32029642779181416, 0.3201145741292324, 0.31993358917191095, 0.3197534690997927, 0.31957421007147346, 0.319395808225136, 0.3192182596794722, 0.31904156053459026, 0.31886570687290855, 0.31869069476003786, 0.3185165202456506, 0.3183431793643326, 0.31817066813642864, 0.3179989825688709, 0.31782811865599453, 0.3176580723803426, 0.3174888397134564, 0.3173204166166541, 0.3171527990417969, 0.3169859829320422, 0.3168199642225847, 0.31665473884138545, 0.316490302709887, 0.3163266517437202, 0.3161637818533935, 0.3160016889449755, 0.31584036892076145, 0.3156798176799304, 0.31552003111919025, 0.31536100513340903, 0.3152027356162378, 0.31504521846071937, 0.31488844955988643, 0.31473242480734837, 0.3145771400978676, 0.3144225913279229, 0.314268774396262, 0.31411568520444594, 0.31396331965737717, 0.31381167366382234, 0.31366074313692033, 0.31351052399468027, 0.3133610121604724, 0.3132122035635026, 0.3130640941392811, 0.3129166798300791, 0.31276995658537515]",C0410
12,10,linear,42,200,53.40764770000169,0.2815870356732693,0.050610590595850734,False,"[0.3714003572845343, 0.37072253971753, 0.37004497808265335, 0.36936774116411014, 0.36869089862296156, 0.36801452092517545, 0.3673386792671158, 0.3666634454986511, 0.3659888920440713, 0.36531509182100974, 0.3646421181575836, 0.3639700447079634, 0.36329894536659596, 0.36262889418131367, 0.36195996526555513, 0.36129223270994987, 0.3606257704934883, 0.3599606523945407, 0.35929695190195005, 0.3586347421264569, 0.35797409571268596, 0.35731508475194024, 0.35665778069603754, 0.3560022542724141, 0.3553485754007291, 0.3546968131111788, 0.35404703546473687, 0.35339930947552123, 0.35275370103547904, 0.3521102748415692, 0.35146909432562423, 0.35083022158703675, 0.350193717328431, 0.3495596407944503, 0.3489280497137817, 0.34829900024453186, 0.34767254692304617, 0.34704874261625845, 0.34642763847763414, 0.34580928390677074, 0.3451937265126928, 0.3445810120808674, 0.34397118454396214, 0.3433642859563462, 0.3427603564723209, 0.342159434328062, 0.3415615558272371, 0.34096675533025705, 0.34037506524709976, 0.33978651603364596, 0.3392011361914478, 0.3386189522708496, 0.3380399888773626, 0.3374642686812012, 0.33689181242986765, 0.3363226389636735, 0.3357567652340809, 0.3351942063247388, 0.3346349754750883, 0.33407908410640036, 0.33352654185012076, 0.3329773565783783, 0.33243153443652507, 0.33188907987756494, 0.33134999569833323, 0.3308142830772936, 0.3302819416138045, 0.3297529693687283, 0.32922736290623894, 0.3287051173367065, 0.32818622636051475, 0.3276706823126939, 0.32715847620823996, 0.3266495977880016, 0.32614403556501265, 0.32564177687116436, 0.32514280790410016, 0.32464711377423444, 0.3241546785517902, 0.3236654853137629, 0.32317951619071866, 0.3226967524133373, 0.3222171743586239, 0.32174076159570686, 0.32126749293115314, 0.32079734645373403, 0.32033029957857434, 0.3198663290906318, 0.31940541118745286, 0.3189475215211483, 0.3184926352395568, 0.3180407270265463, 0.3175917711414164, 0.31714574145737884, 0.3167026114990772, 0.3162623544791273, 0.31582494333365413, 0.31539035075681127, 0.31495854923426353, 0.31452951107562416, 0.31410320844583944, 0.3136796133955135, 0.3132586978901677, 0.312840433838443, 0.31242479311923416, 0.31201174760777034, 0.3116012692006472, 0.31119332983981185, 0.31078790153551455, 0.3103849563882432, 0.30998446660964246, 0.30958640454244324, 0.3091907426794092, 0.30879745368132117, 0.3084065103940166, 0.30801788586450085, 0.3076315533561516, 0.30724748636303295, 0.3068656586233443, 0.30648604413201913, 0.30610861715250265, 0.30573335222772174, 0.30536022419027214, 0.3049892081718523, 0.3046202796119517, 0.3042534142658278, 0.30388858821179393, 0.30352577785782725, 0.30316495994753817, 0.3028061115655078, 0.30244921014202236, 0.30209423345722747, 0.30174115964471965, 0.30138996719459527, 0.3010406349559878, 0.3006931421391023, 0.300347468316769, 0.30000359342554855, 0.2996614977663897, 0.29932116200487163, 0.29898256717104804, 0.29864569465890556, 0.29831052622545845, 0.2979770439895001, 0.29764523043002283, 0.29731506838432403, 0.29698654104581634, 0.29665963196156053, 0.296334325029527, 0.29601060449561073, 0.2956884549504106, 0.2953678613257835, 0.2950488088911933, 0.2947312832498626, 0.29441527033474457, 0.29410075640431965, 0.293787728038242, 0.29347617213283256, 0.2931660758964395, 0.2928574268446745, 0.29255021279553445, 0.29224442186441923, 0.2919400424590552, 0.29163706327433153, 0.29133547328706483, 0.29103526175069194, 0.290736418189906, 0.2904389323952404, 0.2901427944176099, 0.2898479945628138, 0.28955452338601323, 0.2892623716861831, 0.28897153050054886, 0.2886819910990154, 0.2883937449785888, 0.28810678385780425, 0.2878210996711598, 0.28753668456355713, 0.2872535308847716, 0.28697163118393393, 0.2866909782040423, 0.2864115648765071, 0.2861333843157285, 0.2858564298137131, 0.28558069483473597, 0.28530617301004263, 0.2850328581326066, 0.2847607441519359, 0.2844898251689365, 0.2842200954308302, 0.2839515493261389, 0.2836841813797267, 0.28341798624790826, 0.28315295871362833, 0.28288909368170373, 0.2826263861741425, 0.2823648313255333, 0.2821044243785076, 0.281845160679281, 0.2815870356732693]",C0411
12,10,linear,43,200,53.83709930000077,0.2949498681623774,0.05024075936735607,False,"[0.39122333692744665, 0.3904818276095466, 0.3897405499653899, 0.3889995736506366, 0.3882589692825376, 0.38751880836945735, 0.3867791632394347, 0.38604010696788343, 0.38530171330454227, 0.3845640565997723, 0.38382721173032014, 0.38309125402463584, 0.3823562591878569, 0.38162230322655244, 0.38088946237334037, 0.38015781301145896, 0.37942743159940945, 0.3786983945957559, 0.377970778384185, 0.37724465919892575, 0.37652011305061905, 0.3757972156527381, 0.3750760423486608, 0.374356668039479, 0.37363916711265216, 0.3729236133715945, 0.3722100799662941, 0.3714986393250564, 0.37078936308746985, 0.370082322038687, 0.3693775860451103, 0.3686752239915801, 0.3679753037201527, 0.3672778919705571, 0.36658305432242083, 0.3658908551393451, 0.36520135751491883, 0.36451462322074496, 0.36383071265656236, 0.36314968480253257, 0.362471597173764, 0.36179650577713685, 0.3611244650704968, 0.3604555279242654, 0.35978974558552523, 0.3591271676446272, 0.35846784200435694, 0.3578118148516985, 0.357159130632226, 0.3565098320271418, 0.3558639599329852, 0.3552215534440166, 0.35458264983728255, 0.3539472845603615, 0.3533154912217775, 0.3526873015840714, 0.35206274555950184, 0.35144185120834953, 0.350824644739794, 0.3502111505153149, 0.3496013910545752, 0.34899538704373567, 0.3483931573461354, 0.34779471901528236, 0.3472000873100838, 0.3466092757122383, 0.34602229594572176, 0.3454391579982776, 0.34485987014483355, 0.3442844389727496, 0.34371286940881435, 0.3431451647478935, 0.3425813266831328, 0.34202135533762085, 0.3414652492974171, 0.340913005645841, 0.34036461999892337, 0.3398200865419257, 0.3392793980668203, 0.33874254601063897, 0.3382095204945887, 0.33768031036383794, 0.3371549032278775, 0.3366332855013654, 0.3361154424453598, 0.33560135820885284, 0.33509101587051754, 0.3345843974805833, 0.3340814841027577, 0.3335822558561183, 0.3330866919568927, 0.3325947707600642, 0.33210646980072106, 0.33162176583509567, 0.33114063488122464, 0.33066305225916853, 0.33018899263074514, 0.3297184300387126, 0.3292513379453655, 0.32878768927048824, 0.3283274564286329, 0.3278706113656774, 0.3274171255946355, 0.3269669702306783, 0.3265201160253505, 0.3260765333999471, 0.3256361924780307, 0.32519906311707536, 0.32476511493921817, 0.3243343173610986, 0.32390663962278693, 0.3234820508157859, 0.3230605199101017, 0.3226420157803826, 0.3222265072311176, 0.3218139630209105, 0.32140435188581473, 0.3209976425617434, 0.32059380380596475, 0.320192804417681, 0.3197946132577059, 0.3193991992672538, 0.31900653148584696, 0.31861657906836094, 0.3182293113012157, 0.3178446976177341, 0.31746270761268086, 0.31708331105599863, 0.3167064779057617, 0.3163321783203612, 0.31596038266994914, 0.3155910615471475, 0.31522418577705597, 0.3148597264265715, 0.3144976548130327, 0.31413794251223054, 0.31378056136577975, 0.31342548348789334, 0.313072681271567, 0.3127221273941995, 0.31237379482266964, 0.31202765681789, 0.3116836869388524, 0.311341859046195, 0.3110021473053011, 0.3106645261889523, 0.3103289704795596, 0.3099954552709849, 0.30966395596997237, 0.30933444829721113, 0.3090069082880455, 0.30868131229284723, 0.30835763697707164, 0.30803585932100847, 0.3077159566192496, 0.307397906479884, 0.30708168682343734, 0.30676727588157243, 0.30645465219556334, 0.30614379461455393, 0.3058346822936196, 0.30552729469164647, 0.30522161156902805, 0.30491761298520986, 0.3046152792960785, 0.3043145911512146, 0.304015529491017, 0.3037180755437089, 0.3034222108222393, 0.30312791712108494, 0.30283517651296193, 0.3025439713454605, 0.30225428423760686, 0.30196609807636154, 0.30167939601306365, 0.3013941614598216, 0.3011103780858709, 0.3008280298138884, 0.3005471008162832, 0.3002675755114636, 0.29998943856008625, 0.2997126748612948, 0.2994372695489505, 0.29916320798786394, 0.298890475770026, 0.29861905871084854, 0.29834894284541297, 0.29808011442473864, 0.2978125599120636, 0.2975462659791504, 0.2972812195026164, 0.29701740756028977, 0.2967548174275967, 0.2964934365739805, 0.29623325265935624, 0.2959742535306034, 0.2957164272180913, 0.29545976193225537, 0.29520424606020335, 0.2949498681623774]",C0412
12,10,linear,44,200,53.359477900001366,0.2615817954102169,0.051980185559264105,False,"[0.3541638366597932, 0.3533175007016501, 0.3524777491870142, 0.3516445784302202, 0.3508179814162842, 0.34999794787809585, 0.34918446437726486, 0.34837751438834097, 0.34757707838611934, 0.34678313393574584, 0.34599565578533364, 0.3452146159608031, 0.3444399838626579, 0.34367172636441606, 0.34290980791241715, 0.34215419062673313, 0.34140483440291086, 0.3406616970142937, 0.3399247342146618, 0.33919389984095494, 0.33846914591583693, 0.3377504227498815, 0.337037679043164, 0.3363308619860537, 0.33562991735901876, 0.33493478963125534, 0.33424542205798, 0.3335617567762191, 0.3328837348989548, 0.3322112966074879, 0.33154438124189684, 0.3308829273894804, 0.33022687297108105, 0.3295761553252012, 0.32893071128982976, 0.3282904772819147, 0.32765538937441324, 0.3270253833708824, 0.3264003948775578, 0.32578035937289423, 0.32516521227454614, 0.32455488900376805, 0.32394932504722956, 0.32334845601624584, 0.322752217703423, 0.3221605461367395, 0.3215733776310716, 0.32099064883719225, 0.3204122967882697, 0.3198382589438958, 0.31926847323168434, 0.31870287808647635, 0.31814141248719535, 0.31758401599140507, 0.31703062876760807, 0.316481191625348, 0.31593564604316, 0.31539393419442974, 0.3148559989712162, 0.3143217840060931, 0.31379123369207357, 0.31326429320067084, 0.31274090849816244, 0.31222102636010735, 0.31170459438419074, 0.311191561001444, 0.3106818754859059, 0.31017548796278677, 0.30967234941519045, 0.3091724116894566, 0.30867562749917793, 0.3081819504279579, 0.3076913349309523, 0.30720373633526543, 0.3067191108392449, 0.3062374155107342, 0.3057586082843331, 0.3052826479577222, 0.30480949418709424, 0.304339107481752, 0.3038714491979099, 0.3034064815317572, 0.30294416751182013, 0.3024844709906711, 0.30202735663602814, 0.30157278992128894, 0.3011207371155353, 0.3006711652730491, 0.30022404222238513, 0.29977933655502575, 0.29933701761366344, 0.29889705548014206, 0.29845942096308875, 0.2980240855852729, 0.2975910215707194, 0.2971602018316088, 0.29673159995499127, 0.29630519018934426, 0.2958809474309971, 0.29545884721045296, 0.2950388656786281, 0.2946209795930323, 0.2942051663039159, 0.2937914037404023, 0.2933796703966246, 0.29296994531789045, 0.292562208086888, 0.29215643880995473, 0.2917526181034224, 0.29135072708005527, 0.2909507473355967, 0.2905526609354356, 0.2901564504014073, 0.2897620986987434, 0.2893695892231737, 0.2889789057882007, 0.28859003261255145, 0.288202954307812, 0.2878176558662627, 0.28743412264890994, 0.2870523403737318, 0.28667229510413494, 0.286293973237637, 0.2859173614947698, 0.28554244690821734, 0.28516921681218316, 0.2847976588319985, 0.284427760873968, 0.284059511115457, 0.2836928979952232, 0.283327910203992, 0.2829645366752774, 0.28260276657644795, 0.28224258930003815, 0.2818839944553048, 0.28152697186002573, 0.28117151153254244, 0.2808176036840432, 0.28046523871108453, 0.28011440718834857, 0.27976509986163695, 0.27941730764109324, 0.2790710215946555, 0.2787262329417323, 0.2783829330471022, 0.27804111341502835, 0.27770076568358965, 0.277361881619222, 0.27702445311146134, 0.27668847216789577, 0.2763539309093057, 0.27602082156500507, 0.27568913646836574, 0.27535886805252713, 0.27503000884628376, 0.2747025514701487, 0.27437648863258346, 0.27405181312639454, 0.2737285178252894, 0.2734065956805843, 0.2730860397180675, 0.27276684303500043, 0.2724489987972655, 0.27213250023664487, 0.2718173406482331, 0.27150351338797246, 0.2711910118703125, 0.2708798295659845, 0.2705699599998885, 0.2702613967490885, 0.2699541334409102, 0.2696481637511379, 0.26934348140230713, 0.26904008016208564, 0.26873795384174354, 0.26843709629470386, 0.2681375014151732, 0.2678391631368464, 0.2675420754316831, 0.2672462323087515, 0.26695162781313614, 0.2666582560249079, 0.26636611105814934, 0.2660751870600366, 0.2657854782099717, 0.2654969787187626, 0.2652096828278501, 0.2649235848085775, 0.26463867896149945, 0.2643549596157295, 0.26407242112832335, 0.2637910578836919, 0.26351086429305154, 0.2632318347938955, 0.2629539638494974, 0.2626772459484367, 0.26240167560414895, 0.26212724735449466, 0.2618539557613508, 0.2615817954102169]",C0413
12,10,linear,45,200,52.01910719999978,0.13204197387215186,0.032227556491567604,False,"[0.16972596017002772, 0.16943463476012086, 0.16914410058813842, 0.16885437073114454, 0.16856545810912707, 0.16827737547956403, 0.1679901354321284, 0.16770375038353694, 0.16741823257254587, 0.16713359405510017, 0.16684984669963857, 0.16656700218255907, 0.16628507198384712, 0.16600406738287207, 0.16572399945435187, 0.1654448790644927, 0.1651667168673017, 0.16488952330107728, 0.16461330858508014, 0.16433808271638248, 0.1640638554669035, 0.16379063638062472, 0.16351843477098973, 0.16324725971849285, 0.1629771200684478, 0.16270802442894522, 0.16243998116899375, 0.16217299841684718, 0.16190708405851234, 0.16164224573644545, 0.16137849084842504, 0.16111582654660864, 0.1608542597367679, 0.1605937970777004, 0.1603344449808162, 0.16007620960989824, 0.15981909688103307, 0.15956311246270874, 0.15930826177607812, 0.15905454999538557, 0.15880198204854967, 0.15855056261790493, 0.1583002961410944, 0.15805118681211075, 0.15780323858248252, 0.15755645516260353, 0.15731084002319748, 0.15706639639691697, 0.15682312728007217, 0.15658103543448468, 0.15634012338946282, 0.15610039344389245, 0.15586184766844163, 0.1556244879078733, 0.15538831578346082, 0.15515333269550238, 0.15491953982593318, 0.1546869381410231, 0.1544555283941651, 0.15422531112874172, 0.1539962866810695, 0.15376845518341684, 0.15354181656708818, 0.15331637056557307, 0.15309211671775494, 0.1528690543711732, 0.1526471826853379, 0.15242650063508972, 0.15220700701400372, 0.1519887004378305, 0.15177157934797103, 0.1515556420149833, 0.15134088654211605, 0.15112731086886141, 0.1509149127745332, 0.15070368988185315, 0.15049363966055454, 0.15028475943099284, 0.15007704636776031, 0.14987049750330364, 0.14966510973153999, 0.1494608798114687, 0.14925780437077607, 0.1490558799094291, 0.14885510280325823, 0.14865546930752174, 0.1484569755604553, 0.1482596175867986, 0.1480633913012995, 0.147868292512195, 0.1476743169246617, 0.1474814601442408, 0.14728971768022872, 0.14709908494903576, 0.1469095572775104, 0.14672112990622868, 0.14653379799274116, 0.14634755661478455, 0.1461624007734509, 0.14597832539631547, 0.1457953253405208, 0.14561339539581683, 0.14543253028755482, 0.14525272467963635, 0.14507397317741402, 0.14489627033054653, 0.14471961063580144, 0.14454398853981257, 0.14436939844178562, 0.14419583469615463, 0.144023291615186, 0.1438517634715358, 0.14368124450075137, 0.14351172890372407, 0.14334321084909044, 0.1431756844755816, 0.14300914389431998, 0.14284358319106705, 0.14267899642841744, 0.14251537764794145, 0.14235272087227865, 0.14219102010717938, 0.14203026934349428, 0.1418704625591137, 0.14171159372086145, 0.14155365678633136, 0.14139664570568042, 0.1412405544233716, 0.14108537687986616, 0.14093110701327083, 0.1407777387609365, 0.1406252660610103, 0.1404736828539402, 0.1403229830839357, 0.1401731607003833, 0.140024209659216, 0.13987612392424062, 0.13972889746842043, 0.13958252427511852, 0.13943699833929446, 0.13929231366866376, 0.13914846428481664, 0.139005444224295, 0.1388632475396319, 0.13872186830035296, 0.1385813005939405, 0.1384415385267592, 0.1383025762249479, 0.13816440783527445, 0.13802702752595722, 0.1378904294874521, 0.1377546079332066, 0.13761955710038212, 0.13748527125054325, 0.1373517446703181, 0.1372189716720271, 0.1370869465942823, 0.13695566380255964, 0.13682511768974095, 0.13669530267663063, 0.13656621321244386, 0.1364378437752716, 0.13631018887251725, 0.1361832430413105, 0.13605700084889882, 0.13593145689301042, 0.135806605802203, 0.13568244223618228, 0.13555896088610372, 0.13543615647485371, 0.13531402375730858, 0.13519255752057593, 0.1350717525842171, 0.13495160380044927, 0.13483210605433255, 0.13471325426393913, 0.1345950433805042, 0.1344774683885637, 0.13436052430607384, 0.13424420618451774, 0.13412850910899643, 0.13401342819830606, 0.13389895860500167, 0.13378509551544826, 0.1336718341498594, 0.1335591697623221, 0.1334470976408137, 0.13333561310720268, 0.1332247115172425, 0.1331143882605546, 0.13300463876059884, 0.13289545847463724, 0.1327868428936879, 0.13267878754246792, 0.1325712879793323, 0.13246433979619862, 0.13235793861847114, 0.13225208010495074, 0.13214675994774136, 0.13204197387215186]",C0414
12,10,linear,46,200,135.9771940999999,0.23704440749768996,0.05873196875918379,False,"[0.3542488445828759, 0.35324385041289125, 0.35224857599218756, 0.351262863969273, 0.350286555103112, 0.34931948858929496, 0.34836150237919594, 0.34741243349124074, 0.34647211831347097, 0.34554039289666694, 0.34461709323737666, 0.3437020555502636, 0.3427951165292713, 0.34189611359717614, 0.3410048851431757, 0.34012127074822623, 0.33924511139792307, 0.3383762496827725, 0.33751452998577974, 0.3366597986573265, 0.3358119041773761, 0.3349706973050906, 0.3341360312160007, 0.3333077616269056, 0.332485746908725, 0.3316698481875644, 0.3308599294342833, 0.3300558575428885, 0.3292575023980977, 0.32846473693244577, 0.32767743717331754, 0.32689548228031406, 0.32611875457336553, 0.3253471395520217, 0.32458052590634784, 0.32381880551986775, 0.3230618734649949, 0.3223096279913917, 0.32156197050769453, 0.32081880555704784, 0.32008004078687097, 0.31934558691328807, 0.3186153576806376, 0.31788926981647053, 0.31716724298243754, 0.3164491997214514, 0.3157350654015077, 0.3150247681565212, 0.314318238824541, 0.3136154108836741, 0.3129162203860521, 0.31222060589015055, 0.3115285083917573, 0.31083987125388135, 0.3101546401358683, 0.30947276292197684, 0.30879418964966776, 0.30811887243782116, 0.307446765415109, 0.30677782464871334, 0.30611200807358213, 0.30544927542239697, 0.30478958815640855, 0.3041329093972895, 0.30347920386014243, 0.30282843778777885, 0.3021805788863844, 0.30153559626266785, 0.3008934603625796, 0.3002541429116801, 0.2996176168572191, 0.2989838563119871, 0.29835283649997935, 0.2977245337039173, 0.2970989252146469, 0.2964759892824407, 0.29585570507021236, 0.2952380526086466, 0.29462301275324565, 0.29401056714327967, 0.2934006981626242, 0.2927933889024696, 0.29218862312586485, 0.2915863852340727, 0.29098666023469866, 0.29038943371154374, 0.28979469179615164, 0.28920242114098604, 0.28861260889420076, 0.2880252426759391, 0.28744031055611297, 0.2868578010335981, 0.2862777030167914, 0.2857000058054664, 0.2851246990738627, 0.2845517728549524, 0.28398121752581534, 0.2834130237940636, 0.2828471826852475, 0.2822836855311879, 0.28172252395916336, 0.2811636898818994, 0.2806071754882928, 0.280052973234815, 0.279501075837538, 0.27895147626472255, 0.2784041677299132, 0.27785914368549863, 0.27731639781666406, 0.2767759240357124, 0.27623771647668455, 0.2757017694902494, 0.27516807763881285, 0.2746366356918058, 0.27410743862111603, 0.2735804815966265, 0.27305575998182524, 0.27253326932945593, 0.2720130053771828, 0.2714949640432385, 0.27097914142203544, 0.27046553377971577, 0.26995413754962144, 0.26944494932766444, 0.26893796586758717, 0.26843318407609157, 0.26793060100783544, 0.2674302138602776, 0.2669320199683722, 0.26643601679910006, 0.26594220194583945, 0.26545057312256926, 0.2649611281579084, 0.2644738649889889, 0.2639887816551698, 0.26350587629158956, 0.26302514712256925, 0.2625465924548687, 0.26207021067080216, 0.2615960002212274, 0.2611239596184112, 0.26065408742878937, 0.26018638226562035, 0.2597208427815602, 0.25925746766115565, 0.25879625561327985, 0.2583372053635162, 0.25788031564650976, 0.2574255851982938, 0.2569730127486132, 0.25652259701325125, 0.25607433668637936, 0.25562823043294114, 0.25518427688108714, 0.2547424746146706, 0.25430282216582395, 0.2538653180076232, 0.25342996054685585, 0.25299674811690964, 0.2525656789707868, 0.25213675127426205, 0.25170996309919313, 0.2512853124169963, 0.25086279709229786, 0.25044241487676877, 0.25002416340315575, 0.24960804017951777, 0.24919404258367042, 0.248782167857856, 0.24837241310363498, 0.24796477527701588, 0.2475592511838224, 0.24715583747530626, 0.2467545306440063, 0.24635532701986643, 0.24595822276660514, 0.24556321387834554, 0.24517029617650798, 0.244779465306964, 0.2443907167374532, 0.24400404575526527, 0.24361944746518238, 0.24323691678768855, 0.24285644845743423, 0.24247803702196594, 0.24210167684070563, 0.24172736208418974, 0.24135508673355366, 0.24098484458026406, 0.24061662922609542, 0.24025043408334038, 0.23988625237525252, 0.23952407713671997, 0.23916390121515577, 0.23880571727160615, 0.23844951778206727, 0.23809529503900365, 0.23774304115306513, 0.23739274805498964, 0.23704440749768996]",C0415
12,10,ring,42,200,53.280093899998974,0.32666760027077685,0.04360194174079653,False,"[0.38305011274033046, 0.38270623233960754, 0.3823621793559535, 0.38201797263843734, 0.38167363106738, 0.38132917354476353, 0.3809846189846688, 0.38063998630375334, 0.3802952944117803, 0.37995056220221085, 0.37960580854287307, 0.37926105226671947, 0.37891631216268, 0.3785716069666272, 0.3782269553524629, 0.37788237592333457, 0.3775378872029946, 0.3771935076273116, 0.3768492555359433, 0.3765051491641791, 0.37616120663496483, 0.37581744595111194, 0.3754738849877089, 0.37513054148472996, 0.37478743303986056, 0.3744445771015396, 0.3741019909622226, 0.373759691751882, 0.3734176964317371, 0.37307602178822696, 0.37273468442722907, 0.3723937007685272, 0.37205308704052936, 0.37171285927524417, 0.3713730333035135, 0.371033624750505, 0.3706946490314682, 0.3703561213477498, 0.3700180566830749, 0.36968046980009045, 0.3693433752371709, 0.36900678730548697, 0.36867072008633556, 0.36833518742872734, 0.36800020294723285, 0.36766578002008304, 0.3673319317875207, 0.3669986711504027, 0.36666601076904537, 0.3663339630623117, 0.36600254020693557, 0.36567175413707953, 0.3653416165441161, 0.36501213887663814, 0.36468333234067996, 0.3643552079001535, 0.3640277762774893, 0.36370104795447705, 0.3633750331732993, 0.36304974193775297, 0.36272518401465, 0.36240136893539326, 0.3620783059977173, 0.36175600426759313, 0.36143447258128036, 0.36111371954753074, 0.3607937535499269, 0.3604745827493554, 0.3601562150866015, 0.3598386582850641, 0.35952191985358023, 0.35920600708935085, 0.35889092708096443, 0.35857668671150916, 0.3582632926617648, 0.3579507514134754, 0.3576390692526821, 0.35732825227312165, 0.3570183063796821, 0.35670923729189946, 0.35640105054750415, 0.356093751505995, 0.35578734535224954, 0.35548183710015246, 0.35517723159624376, 0.3548735335233772, 0.354570747404388, 0.3542688776057556, 0.35396792834126756, 0.35366790367567047, 0.353368807528309, 0.35307064367674257, 0.35277341576034194, 0.35247712728385644, 0.35218178162094826, 0.35188738201769326, 0.3515939315960402, 0.35130143335722824, 0.3510098901851557, 0.35071930484970304, 0.35042968000999886, 0.3501410182176337, 0.3498533219198137, 0.3495665934624565, 0.34928083509321994, 0.34899604896447123, 0.3487122371361848, 0.3484294015787755, 0.34814754417585864, 0.3478666667269419, 0.34758677095004015, 0.34730785848422285, 0.3470299308920806, 0.34675298966212104, 0.34647703621108566, 0.34620207188619245, 0.34592809796730023, 0.34565511566899704, 0.34538312614261035, 0.34511213047814304, 0.3448421297061277, 0.3445731247994101, 0.34430511667485114, 0.3440381061949591, 0.3437720941694405, 0.3435070813566818, 0.343243068465155, 0.3429800561547521, 0.34271804503804565, 0.34245703568148284, 0.342197028606505, 0.34193802429060377, 0.3416800231683071, 0.34142302563210075, 0.34116703203328663, 0.3409120426827757, 0.3406580578518222, 0.34040507777269796, 0.3401531026393066, 0.33990213260774277, 0.33965216779679636, 0.33940320828840403, 0.33915525412804753, 0.33890830532510524, 0.3386623618531515, 0.3384174236502149, 0.33817349061898855, 0.3379305626269982, 0.3376886395067314, 0.3374477210557263, 0.3372078070366225, 0.3369688971771807, 0.33673099117026145, 0.33649408867378133, 0.33625818931063073, 0.33602329266857073, 0.33578939830009746, 0.3355565057222864, 0.3353246144166125, 0.33509372382874764, 0.33486383336834136, 0.33463494240878205, 0.3344070502869425, 0.3341801563029114, 0.333954259719712, 0.3337293597630086, 0.3335054556208044, 0.33328254644313215, 0.33306063134173347, 0.3328397093897401, 0.332619779621344, 0.3324008410314711, 0.3321828925754482, 0.33196593316867545, 0.3317499616862967, 0.3315349769628721, 0.33132097779205827, 0.33110796292628936, 0.3308959310764654, 0.330684880911649, 0.33047481105876836, 0.3302657201023308, 0.33005760658414535, 0.3298504690030554, 0.329644305814687, 0.32943911543120247, 0.3292348962210773, 0.32903164650888067, 0.3288293645750773, 0.3286280486558439, 0.3284276969428989, 0.3282283075833516, 0.32802987867956634, 0.3278324082890456, 0.32763589442432994, 0.32744033505291664, 0.32724572809719804, 0.3270520714344178, 0.3268593628966463, 0.32666760027077685]",C0416
12,10,ring,43,200,52.83148070000061,0.3265610539414642,0.0392778285925722,False,"[0.37411818898741983, 0.3737968804579244, 0.3734759878324669, 0.37315552203412156, 0.37283549397931814, 0.3725159145757686, 0.37219679472032136, 0.37187814529675944, 0.37155997717352635, 0.37124230120139207, 0.370925128211057, 0.37060846901069017, 0.37029233438341036, 0.3699767350847061, 0.3696616818397984, 0.36934718534094496, 0.3690332562446928, 0.36871990516907677, 0.3684071426907667, 0.3680949793421675, 0.36778342560847443, 0.36747249192468123, 0.3671621886725513, 0.36685252617754904, 0.36654351470573837, 0.3662351644606446, 0.36592748558009447, 0.36562048813302406, 0.365314182116268, 0.3650085774513309, 0.3647036839811406, 0.3643995114667922, 0.36409606958428364, 0.36379336792124684, 0.3634914159736789, 0.363190223142678, 0.362889798731183, 0.3625901519407309, 0.3622912918682217, 0.3619932275027094, 0.3616959677222123, 0.3613995212905515, 0.361103896854219, 0.3608091029392843, 0.3605151479483355, 0.3602220401574659, 0.35992978771330497, 0.359638398630102, 0.3593478807868577, 0.35905824192452157, 0.3587694896432428, 0.35848163139968653, 0.3581946745044217, 0.3579086261193742, 0.3576234932553563, 0.3573392827696728, 0.3570560013638065, 0.356773655581184, 0.35649225180503036, 0.3562117962563069, 0.35593229499174134, 0.35565375390194837, 0.3553761787096456, 0.35509957496796435, 0.3548239480588578, 0.35454930319160977, 0.3542756454014416, 0.3540029795482247, 0.3537313103152943, 0.35346064220836565, 0.3531909795545583, 0.3529223265015251, 0.3526546870166876, 0.35238806488657654, 0.3521224637162814, 0.3518578869290066, 0.35159433776573273, 0.3513318192849888, 0.3510703343627246, 0.3508098856922955, 0.35055047578454857, 0.3502921069680141, 0.35003478138920224, 0.3497785010129993, 0.34952326762317015, 0.3492690828229552, 0.34901594803577324, 0.3487638645060136, 0.3485128332999324, 0.34826285530663736, 0.34801393123916746, 0.347766061635661, 0.34751924686061786, 0.34727348710624, 0.347028782393865, 0.3467851325754736, 0.3465425373352861, 0.34630099619142923, 0.34606050849768133, 0.34582107344529184, 0.3455826900648698, 0.34534535722833865, 0.34510907365096216, 0.34487383789342685, 0.34463964836398836, 0.34440650332067574, 0.3441744008735492, 0.3439433389870122, 0.34371331548217104, 0.34348432803924506, 0.34325637420001787, 0.34302945137033247, 0.3428035568226264, 0.34257868769850086, 0.34235484101132646, 0.34213201364887924, 0.34191020237600495, 0.3416894038373118, 0.34146961455988595, 0.34125083095602543, 0.3410330493259995, 0.34081626586081676, 0.3406004766450148, 0.34038567765945543, 0.34017186478413297, 0.339959033800989, 0.33974718039673135, 0.3395363001656568, 0.33932638861247416, 0.3391174411551265, 0.3389094531276092, 0.3387024197827844, 0.33849633629518533, 0.33829119776381505, 0.3380869992149331, 0.33788373560482937, 0.3376814018225825, 0.3374799926928067, 0.3372795029783769, 0.3370799273831378, 0.33688126055459017, 0.3366834970865599, 0.33648663152183755, 0.33629065835480243, 0.3360955720340108, 0.33590136696476774, 0.33570803751166406, 0.33551557800108783, 0.33532398272370645, 0.33513324593691524, 0.3349433618672583, 0.33475432471281485, 0.3345661286455522, 0.33437876781364634, 0.3341922363437669, 0.3340065283433282, 0.3338216379027026, 0.3336375590973999, 0.3334542859902084, 0.33327181263329897, 0.3330901330702946, 0.33290924133829597, 0.33272913146987365, 0.33254979749502234, 0.332371233443072, 0.33219343334456436, 0.3320163912330875, 0.3318401011470731, 0.33166455713155363, 0.33148975323988067, 0.33131568353540314, 0.3311423420931062, 0.33096972300121186, 0.3307978203627389, 0.3306266282970269, 0.33045614094121517, 0.3302863524516884, 0.3301172570054826, 0.32994884880164954, 0.3297811220625862, 0.3296140710353239, 0.3294476899927823, 0.3292819732349812, 0.3291169150902204, 0.32895250991622005, 0.32878875210122344, 0.32862563606506495, 0.3284631562602022, 0.3283013071727115, 0.3281400833232497, 0.32797947926797827, 0.3278194895994585, 0.3276601089475049, 0.32750133198001335, 0.3273431534037497, 0.32718556796510884, 0.3270285704508406, 0.3268721556887453, 0.3267163185483346, 0.3265610539414642]",C0417
12,10,ring,44,200,52.755648700000165,0.3050224299478946,0.03939723166240751,False,"[0.35305509576092936, 0.3527436250104536, 0.3524322367906701, 0.35212094595641963, 0.3518097673781115, 0.351498715937125, 0.35118780652120996, 0.35087705401988356, 0.3505664733198317, 0.3502560793003097, 0.34994588682855293, 0.3496359107551894, 0.3493261659096658, 0.34901666709568024, 0.3487074290866327, 0.3483984666210839, 0.34808979439823684, 0.3477814270734318, 0.3474733792536658, 0.3471656654931312, 0.3468583002887806, 0.3465512980759156, 0.3462446732238072, 0.3459384400313425, 0.345632612722705, 0.3453272054430904, 0.34502223225445366, 0.34471770713130195, 0.3444136439565167, 0.34411005651722815, 0.34380695850072635, 0.3435043634904225, 0.34320228496185584, 0.34290073627875023, 0.34259973068912575, 0.34229928132146076, 0.34199940118091127, 0.34170010314559046, 0.3414013999629044, 0.34110330424595303, 0.34080582846999485, 0.3405089849689753, 0.34021278593212645, 0.33991724340063656, 0.33962236926438666, 0.33932817525876957, 0.3390346729615772, 0.33874187378996984, 0.33844978899752354, 0.33815842967135906, 0.3378678067293548, 0.3375779309174432, 0.33728881280699413, 0.33700046279228824, 0.33671289108807745, 0.33642610772723813, 0.33614012255851716, 0.33585494524437176, 0.3355705852589057, 0.335287051885899, 0.33500435421694136, 0.33472250114965935, 0.3344415013860457, 0.3341613634308904, 0.3338820955903133, 0.33360370597039696, 0.3333262024759283, 0.3330495928092381, 0.3327738844691492, 0.3324990847500275, 0.3322252007409411, 0.33195223932491974, 0.33168020717832525, 0.3314091107703238, 0.3311389563624666, 0.33086975000837254, 0.33060149755351936, 0.3303342046351377, 0.33006787668220855, 0.32980251891556644, 0.32953813634810397, 0.3292747337850786, 0.32901231582452145, 0.32875088685774634, 0.32849045106995595, 0.3282310124409493, 0.3279725747459232, 0.32771514155637077, 0.3274587162410722, 0.32720330196718056, 0.32694890170139485, 0.32669551821122517, 0.3264431540663444, 0.32619181164002425, 0.32594149311065573, 0.3256922004633515, 0.3254439354916265, 0.32519669979915816, 0.32495049480161853, 0.32470532172858324, 0.324461181625508, 0.3242180753557751, 0.3239760036028056, 0.3237349668722355, 0.3234949654941523, 0.32325599962539103, 0.3230180692518862, 0.32278117419107755, 0.3225453140943663, 0.32231048844962273, 0.3220766965837341, 0.3218439376652042, 0.3216122107067854, 0.3213815145681555, 0.3211518479586259, 0.32092320943988745, 0.320695597428781, 0.32046901020010266, 0.3202434458894294, 0.3200189024959699, 0.31979537788543677, 0.31957286979293464, 0.3193513758258662, 0.31913089346685036, 0.31891142007665135, 0.31869295289711647, 0.3184754890541209, 0.31825902556051583, 0.3180435593190783, 0.31782908712546276, 0.31761560567114594, 0.3174031115463723, 0.3171916012430906, 0.31698107115788104, 0.31677151759487415, 0.3165629367686567, 0.3163553248071632, 0.3161486777545528, 0.3159429915740671, 0.31573826215087175, 0.3155344852948745, 0.3153316567435218, 0.3151297721645759, 0.31492882715885945, 0.3147288172629813, 0.3145297379520311, 0.31433158464224453, 0.3141343526936419, 0.31393803741263226, 0.31374263405458885, 0.31354813782638813, 0.3133545438889184, 0.3131618473595518, 0.31297004331458117, 0.3127791267916186, 0.31258909279196356, 0.3123999362829235, 0.3122116522001072, 0.31202423544966945, 0.3118376809105242, 0.31165198343651285, 0.3114671378585359, 0.3112831389866431, 0.31109998161208247, 0.310917660509309, 0.31073617043795254, 0.3105555061447441, 0.31037566236540054, 0.3101966338264688, 0.3100184152471277, 0.30984100134094994, 0.309664386817619, 0.3094885663846104, 0.3093135347488253, 0.30913928661818985, 0.3089658167032077, 0.3087931197184744, 0.3086211903841524, 0.3084500234274039, 0.30827961358378425, 0.3081099555985967, 0.3079410442282062, 0.30777287424131666, 0.30760544042020643, 0.30743873756192847, 0.3072727604794726, 0.3071075040028864, 0.30694296298036533, 0.30677913227930326, 0.3066160067873042, 0.30645358141316575, 0.30629185108781953, 0.3061308107652434, 0.305970455423337, 0.30581078006476364, 0.30565177971776036, 0.305493449436914, 0.305335784303909, 0.30517877942823984, 0.3050224299478946]",C0418
12,10,ring,45,200,52.73276960000112,0.14074273102601237,0.03172334440808882,False,"[0.16946262560642592, 0.16927814693770502, 0.16909394797692437, 0.16891003239307367, 0.16872640382037438, 0.16854306585797998, 0.16836002206968814, 0.1681772759836657, 0.16799483109218386, 0.16781269085136508, 0.1676308586809394, 0.16744933796401726, 0.16726813204686597, 0.16708724423870244, 0.1669066778114967, 0.16672643599978376, 0.1665465220004875, 0.1663669389727559, 0.1661876900378066, 0.16600877827878122, 0.1658302067406141, 0.1656519784299062, 0.16547409631481333, 0.1652965633249425, 0.16511938235125848, 0.16494255624600054, 0.16476608782260832, 0.16458997985565751, 0.16441423508080658, 0.16423885619474854, 0.164063845855177, 0.16388920668075727, 0.1637149412511096, 0.16354105210679737, 0.1633675417493281, 0.1631944126411595, 0.16302166720571518, 0.16284930782740933, 0.16267733685167754, 0.16250575658501723, 0.16233456929503495, 0.16216377721050093, 0.1619933825214117, 0.16182338737906007, 0.16165379389611093, 0.1614846041466861, 0.1613158201664542, 0.16114744395272732, 0.1609794774645655, 0.16081192262288693, 0.16064478131058205, 0.16047805537263893, 0.16031174661626896, 0.16014585681104151, 0.15998038768902353, 0.1598153409449249, 0.1596507182362469, 0.15948652118344078, 0.15932275137006496, 0.15915941034295242, 0.15899649961238013, 0.15883402065224383, 0.15867197490023752, 0.15851036375803665, 0.15834918859148558, 0.1581884507307906, 0.1580281514707139, 0.15786829207077513, 0.15770887375545328, 0.15754989771439412, 0.15739136510262006, 0.15723327704074475, 0.15707563461518823, 0.1569184388783991, 0.1567616908490753, 0.15660539151239086, 0.15644954182022427, 0.1562941426913893, 0.15613919501186976, 0.15598469963505396, 0.15583065738197366, 0.15567706904154574, 0.15552393537081324, 0.15537125709519103, 0.15521903490871236, 0.15506726947427732, 0.1549159614239029, 0.15476511135897497, 0.15461471985050126, 0.15446478743936667, 0.15431531463658932, 0.15416630192357755, 0.1540177497523896, 0.15386965854599274, 0.15372202869852392, 0.15357486057555195, 0.1534281545143408, 0.15328191082411183, 0.15313612978630867, 0.1529908116548627, 0.15284595665645762, 0.1527015649907959, 0.1525576368308659, 0.1524141723232079, 0.15227117158818113, 0.15212863472023255, 0.15198656178816353, 0.15184495283539787, 0.15170380788025004, 0.15156312691619303, 0.151422909912126, 0.15128315681264284, 0.15114386753829864, 0.15100504198587883, 0.1508666800286653, 0.1507287815167037, 0.15059134627707052, 0.1504543741141388, 0.1503178648098434, 0.150181818123948, 0.15004623379430876, 0.1499111115371384, 0.14977645104727014, 0.1496422519984214, 0.1495085140434542, 0.1493752368146384, 0.149242419923912, 0.14911006296314, 0.14897816550437512, 0.1488467271001143, 0.14871574728355733, 0.14858522556886214, 0.14845516145140045, 0.14832555440801212, 0.1481964038972567, 0.1480677093596694, 0.14793947021800724, 0.14781168587750185, 0.1476843557261079, 0.1475574791347487, 0.14743105545756377, 0.14730508403215403, 0.1471795641798244, 0.14705449520582534, 0.1469298763995963, 0.1468057070350029, 0.14668198637057558, 0.1465587136497477, 0.1464358881010883, 0.14631350893853876, 0.1461915753616422, 0.14607008655577766, 0.14594904169238637, 0.14582843992920128, 0.14570828041047312, 0.1455885622671946, 0.14546928461732408, 0.1453504465660065, 0.14523204720579413, 0.1451140856168637, 0.14499656086723417, 0.14487947201298151, 0.1447628180984503, 0.14464659815646852, 0.14453081120855507, 0.14441545626512867, 0.14430053232571527, 0.1441860383791508, 0.1440719734037875, 0.14395833636769226, 0.14384512622884765, 0.1437323419353497, 0.1436199824256053, 0.14350804662852346, 0.14339653346371142, 0.14328544184166356, 0.143174770663951, 0.14306451882340931, 0.14295468520432314, 0.14284526868261133, 0.14273626812600873, 0.14262768239424428, 0.14251951033922358, 0.14241175080520174, 0.14230440262896046, 0.14219746463998087, 0.142090935660614, 0.14198481450625253, 0.141879099985495, 0.14177379090031683, 0.1416688860462303, 0.1415643842124489, 0.14146028418204878, 0.1413565847321272, 0.14125328463395917, 0.14115038265315388, 0.14104787754980913, 0.1409457680786622, 0.14084405298924094, 0.14074273102601237]",C0419
12,10,ring,46,200,52.858981699999276,0.3121025762939002,0.042687925141703637,False,"[0.3619880429060624, 0.3616676148894, 0.3613474636948321, 0.3610276062056624, 0.3607080591251956, 0.36038883897105717, 0.36006996206968617, 0.3597514445509932, 0.3594333023431992, 0.3591155511678458, 0.3587982065349917, 0.3584812837385892, 0.3581647978520488, 0.35784876372399, 0.35753319597418515, 0.3572181089896906, 0.35690351692117633, 0.3565894336794459, 0.3562758729321543, 0.3559628481007202, 0.35565037235743585, 0.35533845862277236, 0.35502711956288363, 0.35471636758730507, 0.35440621484684676, 0.35409667323168476, 0.35378775436964544, 0.35347946962468096, 0.3531718300955378, 0.3528648466146144, 0.35255852974700863, 0.3522528897897479, 0.3519479367712066, 0.3516436804507024, 0.35134013031827305, 0.3510372955946295, 0.35073518523127983, 0.3504338079108278, 0.3501331720474347, 0.3498332857874474, 0.34953415701018636, 0.34923579332888904, 0.3489382020918103, 0.34864139038346825, 0.34834536502603913, 0.3480501325808912, 0.3477556993502595, 0.34746207137905155, 0.3471692544567851, 0.3468772541196489, 0.3465860756526868, 0.3462957240920979, 0.3460062042276491, 0.3457175206051959, 0.3454296775293077, 0.3451426790659922, 0.34485652904551567, 0.3445712310653126, 0.3442867884929823, 0.34400320446936944, 0.3437204819117188, 0.3434386235169074, 0.3431576317647411, 0.3428775089213208, 0.3425982570424659, 0.34231987797719615, 0.34204237337126386, 0.341765744670737, 0.3414899931256237, 0.34121511979353897, 0.3409411255434074, 0.3406680110591977, 0.3403957768436865, 0.3401244232222472, 0.3398539503466602, 0.339584358198941, 0.3393156465951825, 0.33904781518940913, 0.33878086347743747, 0.33851479080074326, 0.3382495963503269, 0.3379852791705807, 0.33772183816314966, 0.3374592720907834, 0.33719757958118196, 0.3369367591308243, 0.3366768091087833, 0.3364177277605231, 0.3361595132116751, 0.33590216347179186, 0.33564567643807436, 0.33539004989907467, 0.33513528153836597, 0.3348813689381856, 0.33462830958304135, 0.33437610086328357, 0.33412474007864307, 0.33387422444172693, 0.3336245510814773, 0.33337571704658914, 0.33312771930888224, 0.33288055476663336, 0.33263422024785916, 0.3323887125135566, 0.33214402826089323, 0.33190016412635087, 0.33165711668881726, 0.33141488247263207, 0.33117345795057745, 0.33093283954681935, 0.3306930236397964, 0.3304540065650562, 0.3302157846180352, 0.3299783540567898, 0.3297417111046696, 0.3295058519529359, 0.329270772763329, 0.32903646967057476, 0.32880293878484207, 0.3285701761941395, 0.3283381779666603, 0.3281069401530698, 0.3278764587887382, 0.32764672989591814, 0.3274177494858664, 0.3271895135609101, 0.3269620181164599, 0.32673525914296564, 0.32650923262782, 0.32628393455720694, 0.3260593609178951, 0.3258355076989813, 0.32561237089357614, 0.32538994650044156, 0.3251682305255726, 0.3249472189837297, 0.3247269078999188, 0.3245072933108214, 0.3242883712661733, 0.3240701378300951, 0.32385258908237347, 0.32363572111969235, 0.3234195300568193, 0.32320401202774296, 0.3229891631867636, 0.322774979709539, 0.3225614577940865, 0.32234859366173624, 0.3221363835580456, 0.32192482375366843, 0.3217139105451822, 0.3215036402558737, 0.32129400923648405, 0.3210850138659147, 0.32087665055189196, 0.32066891573159567, 0.32046180587224876, 0.3202553174716695, 0.320049447058789, 0.31984419119413265, 0.31963954647026666, 0.31943550951221095, 0.31923207697782013, 0.3190292455581302, 0.3188270119776759, 0.3186253729947762, 0.31842432540178944, 0.3182238660253413, 0.31802399172652246, 0.3178246994010589, 0.3176259859794565, 0.31742784842711985, 0.3172302837444427, 0.31703328896687805, 0.31683686116498117, 0.31664099744443047, 0.3164456949460283, 0.3162509508456754, 0.31605676235432945, 0.315863126717939, 0.315670041217362, 0.3154775031682616, 0.3152855099209875, 0.31509405886043684, 0.31490314740589914, 0.3147127730108874, 0.3145229331629496, 0.314333625383468, 0.31414484722744596, 0.3139565962832744, 0.31376887017249483, 0.3135816665495411, 0.3133949831014752, 0.3132088175477089, 0.3130231676397159, 0.3128380311607338, 0.31265340592545565, 0.3124692897797133, 0.312285680600153, 0.3121025762939002]",C0420
14,6,linear,42,200,50.3070289999996,0.2411759183679691,0.06015975794803628,False,"[0.4465556428862357, 0.44400466014130596, 0.4414391566109071, 0.43886199058703773, 0.43627614423283523, 0.43368469904784845, 0.43109080926541055, 0.428497673701609, 0.42590850662832336, 0.42332650827577883, 0.42075483558120164, 0.4181965737891384, 0.415654709476383, 0.41313210552229335, 0.41063147847630554, 0.4081553786925122, 0.4057061735103274, 0.40328603366500243, 0.40089692301640917, 0.3985405915930284, 0.3962185718640087, 0.39393217807814956, 0.39168250844673463, 0.38947044989846086, 0.3872966850995674, 0.38516170141048117, 0.3830658014408697, 0.3810091148666874, 0.37899161118394853, 0.37701311309283275, 0.37507331023045337, 0.3731717729994816, 0.37130796627116147, 0.36948126277365556, 0.36769095600888363, 0.36593627257210143, 0.3642163837776459, 0.36253041652098844, 0.36087746333120574, 0.3592565915889479, 0.35766685190297615, 0.3561072856534014, 0.3545769317220498, 0.3530748324401102, 0.3516000387906331, 0.3501516149088305, 0.348728641926719, 0.34733022121073814, 0.3459554770418232, 0.34460355878718596, 0.3432736426120792, 0.3419649327781544, 0.34067666257291634, 0.33940809491233276, 0.33815852265598856, 0.3369272686713934, 0.335713685681219, 0.33451715592442827, 0.33333709065950934, 0.3321729295353837, 0.3310241398530223, 0.32989021573843436, 0.328770677245453, 0.32766506940467416, 0.32657296123300367, 0.32549394471648335, 0.324427633777501, 0.32337366323599087, 0.3223316877729404, 0.3213013809033046, 0.32028243396437, 0.31927455512463726, 0.3182774684174478, 0.31729091280279587, 0.31631464126009934, 0.3153484199141055, 0.31439202719556286, 0.31344525303783194, 0.31250789811020957, 0.3115797730883583, 0.31066069796195167, 0.309750501379359, 0.30884902002897013, 0.3079560980565719, 0.30707158651800215, 0.30619534286619915, 0.3053272304716158, 0.3044671181749065, 0.3036148798706981, 0.3027703941212095, 0.30193354379845166, 0.3011042157536873, 0.30028230051284005, 0.2994676919965227, 0.29866028726335614, 0.29785998627527327, 0.2970666916835022, 0.2962803086339694, 0.2955007445908669, 0.29472790917719033, 0.2939617140310575, 0.29320207267668763, 0.2924489004089441, 0.2917021141903925, 0.2909616325598778, 0.2902273755516492, 0.28949926462414277, 0.2887772225975403, 0.2880611735992929, 0.28735104301684133, 0.28664675745680207, 0.28594824470993946, 0.28525543372128837, 0.28456825456482376, 0.28388663842213874, 0.28321051756459703, 0.282539825338503, 0.2818744961528382, 0.2812144654691646, 0.28055966979332986, 0.2799100466686305, 0.2792655346701312, 0.2786260733998613, 0.2779916034826395, 0.27736206656230444, 0.27673740529814606, 0.2761175633613667, 0.2755024854314197, 0.2748921171920755, 0.27428640532711934, 0.273685297515565, 0.27308874242630815, 0.27249668971214536, 0.2719090900031172, 0.27132589489911185, 0.27074705696171564, 0.27017252970528166, 0.2696022675872044, 0.2690362259973989, 0.26847436124699153, 0.2679166305562269, 0.2673629920416124, 0.2668134047023264, 0.26626782840590735, 0.26572622387326617, 0.265188552663048, 0.2646547771553853, 0.26412486053508244, 0.2635987667742711, 0.26307646061458384, 0.2625579075488854, 0.2620430738026128, 0.2615319263147687, 0.2610244327186074, 0.2605205613220738, 0.26002028108802633, 0.25952356161429496, 0.2590303731136279, 0.25854068639355016, 0.25805447283619626, 0.25757170437814497, 0.2570923534903073, 0.25661639315789275, 0.25614379686050587, 0.25567453855239153, 0.2552085926428831, 0.25474593397706136, 0.2542865378166819, 0.2538303798213702, 0.2533774360301368, 0.2529276828432209, 0.2524810970042952, 0.25203765558304064, 0.25159733595813466, 0.25116011580063863, 0.2507259730578291, 0.2502948859374718, 0.24986683289255132, 0.24944179260648175, 0.24901974397878382, 0.2486006661112631, 0.24818453829467452, 0.24777133999589163, 0.24736105084557564, 0.2469536506263595, 0.24654911926152678, 0.24614743680421083, 0.24574858342709288, 0.24535253941260854, 0.24495928514365192, 0.24456880109478166, 0.24418106782391624, 0.24379606596451206, 0.24341377621822885, 0.2430341793480603, 0.24265725617192693, 0.24228298755673303, 0.24191135441285752, 0.24154233768908598, 0.2411759183679691]",C0461
14,6,linear,43,200,49.811869600000136,0.23374985147881522,0.05526318778704739,False,"[0.37431339425785265, 0.3727523888088836, 0.3711999351918145, 0.3696563837315773, 0.3681220696571907, 0.3665973127577677, 0.3650824171140708, 0.3635776709036401, 0.36208334627703254, 0.3605996993022932, 0.35912696997441307, 0.35766538228620526, 0.3562151443567676, 0.3547764486135077, 0.3533494720235229, 0.3519343763700557, 0.35053130856966275, 0.34914040102573735, 0.3477617720140494, 0.3463955260960443, 0.34504175455572533, 0.3437005358561077, 0.34237193611135436, 0.34105600957091625, 0.3397527991121784, 0.3384623367383409, 0.33718464407847604, 0.3359197328869455, 0.33466760553959246, 0.33342825552436206, 0.3322016679242456, 0.3309878198906767, 0.3297866811057239, 0.32859821423167185, 0.3274223753467723, 0.3262591143661621, 0.3251083754471366, 0.32397009737814336, 0.3228442139510464, 0.32173065431634074, 0.32062934332117204, 0.31954020183012827, 0.3184631470288942, 0.31739809271097613, 0.3163449495477829, 0.31530362534244855, 0.3142740252678483, 0.31325605208931456, 0.31224960637262644, 0.31125458667787764, 0.3102708897398584, 0.30929841063562574, 0.30833704293994, 0.30738667886926213, 0.3064472094150143, 0.3055185244667889, 0.30460051292621365, 0.30369306281212644, 0.3027960613577472, 0.30190939510047016, 0.3010329499649063, 0.300166611339772, 0.299310264149195, 0.29846379291896813, 0.29762708183827924, 0.29680001481738216, 0.29598247554166984, 0.29517434752256094, 0.29437551414559054, 0.29358585871605797, 0.29280526450256034, 0.29203361477870265, 0.2912707928632538, 0.2905166821589839, 0.2897711661903952, 0.2890341286405293, 0.2883054533870158, 0.28758502453749235, 0.2868727264645172, 0.2861684438400701, 0.28547206166970934, 0.28478346532645793, 0.2841025405844482, 0.2834291736523635, 0.2827632512066865, 0.28210466042476223, 0.28145328901766664, 0.2808090252628681, 0.2801717580366541, 0.27954137684630026, 0.2789177718619372, 0.2783008339480874, 0.2776904546948128, 0.27708652644844134, 0.27648894234181665, 0.27589759632402133, 0.27531238318953044, 0.27473319860673323, 0.2741599391457926, 0.2735925023057739, 0.2730307865410158, 0.27247469128668284, 0.27192411698347685, 0.2713789651014456, 0.270839138162875, 0.2703045397642149, 0.26977507459701905, 0.26925064846786595, 0.26873116831724386, 0.2682165422373714, 0.26770667948894583, 0.2672014905168024, 0.26670088696446825, 0.26620478168761774, 0.2657130887664116, 0.2652257235167296, 0.2647426025002915, 0.2642636435336731, 0.26378876569623305, 0.2633178893369416, 0.26285093608014654, 0.26238782883027295, 0.2619284917754825, 0.2614728503903063, 0.26102083143727345, 0.2605723629675581, 0.26012737432066557, 0.2596857961231811, 0.2592475602866096, 0.2588126000043317, 0.2583808497477045, 0.25795224526132665, 0.2575267235575127, 0.2571042229099885, 0.2566846828468482, 0.2562680441427982, 0.2558542488107152, 0.25544324009255753, 0.25503496244964835, 0.2546293615523672, 0.2542263842692766, 0.25382597865571566, 0.25342809394188776, 0.2530326805204693, 0.2526396899337726, 0.2522490748604859, 0.2518607891020189, 0.25147478756848385, 0.25109102626433305, 0.25070946227368424, 0.25033005374535117, 0.24995275987761395, 0.24957754090274156, 0.24920435807129976, 0.2488331736362575, 0.2484639508369239, 0.24809665388272467, 0.24773124793685075, 0.24736769909978779, 0.24700597439275435, 0.24664604174105645, 0.24628786995739452, 0.24593142872511425, 0.2455766885814398, 0.2452236209006948, 0.24487219787752634, 0.24452239251014748, 0.2441741785836132, 0.2438275306531413, 0.24348242402749196, 0.24313883475241677, 0.24279673959418804, 0.24245611602322134, 0.242116942197802, 0.24177919694791958, 0.2414428597592295, 0.2411079107571367, 0.240774330691029, 0.2404421009186448, 0.2401112033906029, 0.23978162063508907, 0.23945333574270997, 0.23912633235152064, 0.23880059463223066, 0.2384761072735933, 0.23815285546798373, 0.23783082489717347, 0.2375100017182961, 0.23719037255002143, 0.23687192445892963, 0.23655464494609402, 0.23623852193387826, 0.23592354375294183, 0.23560969912946753, 0.23529697717259884, 0.23498536736210623, 0.2346748595362659, 0.23436544387996758, 0.2340571109130423, 0.23374985147881522]",C0462
14,6,linear,44,200,49.87205360000007,0.2983458667652744,0.07440355436813584,False,"[0.4074826199245872, 0.4064956180057922, 0.4055234722572193, 0.4045657918849445, 0.4036221978298495, 0.4026923223712691, 0.40177580873956964, 0.40087231073839746, 0.3999814923771492, 0.3991030275141081, 0.39823659951050716, 0.3973819008957339, 0.39653863304374254, 0.3957065058607086, 0.39488523748383914, 0.3940745539912592, 0.3932741891227793, 0.39248388401136264, 0.3917033869250437, 0.3909324530190359, 0.3901708440977492, 0.38941832838639934, 0.38867468031190516, 0.38793968029274517, 0.38721311453743407, 0.3864947748512874, 0.3857844584511434, 0.3850819677876903, 0.38438711037507817, 0.3836996986274793, 0.3830195497022779, 0.38234648534956783, 0.38168033176764343, 0.3810209194642029, 0.3803680831229425, 0.3797216614752931, 0.3790814971769927, 0.37844743668926834, 0.3778193301643498, 0.37719703133509436, 0.3765803974084818, 0.37596928896277637, 0.37536356984813685, 0.37476310709049226, 0.37416777079848773, 0.37357743407334404, 0.372991972921453, 0.37241126616956477, 0.37183519538242454, 0.3712636447827337, 0.37069650117329583, 0.3701336538612551, 0.36957499458430704, 0.36902041743879604, 0.36846981880960644, 0.3679230973017675, 0.3673801536737019, 0.3668408907720502, 0.36630521346801326, 0.3657730285951577, 0.3652442448886354, 0.3647187729257801, 0.3641965250680415, 0.36367741540421905, 0.36316135969497465, 0.3626482753185977, 0.36213808121799695, 0.3616306978489071, 0.361126047129293, 0.3606240523899359, 0.36012463832619923, 0.35962773095095507, 0.35913325754867814, 0.3586411466306861, 0.35815132789154, 0.35766373216658603, 0.3571782913906466, 0.3566949385578583, 0.3562136076826471, 0.3557342337618529, 0.3552567527379941, 0.3547811014636693, 0.3543072176671026, 0.35383503991882576, 0.35336450759950117, 0.3528955608688689, 0.35242814063583605, 0.3519621885296859, 0.35149764687241636, 0.3510344586521946, 0.35057256749792104, 0.350111917654908, 0.34965245396165207, 0.3491941218276989, 0.3487368672125921, 0.3482806366058961, 0.34782537700827787, 0.34737103591365087, 0.34691756129234713, 0.34646490157532844, 0.34601300563940757, 0.34556182279347525, 0.34511130276571417, 0.3446613956917895, 0.34421205210399425, 0.34376322292134687, 0.34331485944061146, 0.3428669133282337, 0.342419336613179, 0.34197208168064186, 0.3415251012666327, 0.3410783484534073, 0.3406317766657316, 0.34018533966796066, 0.3397389915619242, 0.3392926867855935, 0.3388463801125171, 0.33840002665201496, 0.337953581850103, 0.3375070014911495, 0.33706024170023413, 0.33661325894620425, 0.3361660100454073, 0.335718452166093, 0.3352705428334661, 0.33482223993537596, 0.33437350172863634, 0.33392428684595477, 0.33347455430346773, 0.33302426350885933, 0.3325733742700666, 0.33212184680453966, 0.33166964174907215, 0.33121672017016257, 0.3307630435749207, 0.33030857392249124, 0.3298532736359979, 0.3293971056149827, 0.3289400332483491, 0.3284820204277797, 0.32802303156163887, 0.32756303158932515, 0.3271019859960879, 0.3266398608282878, 0.3261766227090771, 0.32571223885451756, 0.3252466770900989, 0.32477990586765576, 0.32431189428267376, 0.32384261209196824, 0.32337202973171814, 0.32290011833585064, 0.3224268497547547, 0.32195219657430574, 0.3214761321351897, 0.3209986305525092, 0.3205196667356471, 0.32003921640837135, 0.31955725612916286, 0.31907376331173637, 0.31858871624573787, 0.31810209411759083, 0.31761387703146365, 0.31712404603033073, 0.3166325831171006, 0.3161394712757783, 0.31564469449262866, 0.3151482377773043, 0.3146500871839128, 0.3141502298319729, 0.31364865392722774, 0.31314534878227596, 0.31264030483697197, 0.3121335136785605, 0.3116249680614911, 0.31111466192687554, 0.31060259042152844, 0.31008874991655044, 0.3095731380254016, 0.3090557536214081, 0.30853659685465357, 0.30801566916819717, 0.3074929733135671, 0.30696851336546616, 0.3064422947356415, 0.3059143241858511, 0.305384609839881, 0.3048531611945382, 0.3043199891295819, 0.3037851059165137, 0.30324852522618867, 0.30271026213517155, 0.3021703331307994, 0.3016287561148805, 0.3010855504059863, 0.3005407367402757, 0.2999943372708062, 0.29944637556528086, 0.29889687660218706, 0.2983458667652744]",C0463
14,6,linear,45,200,49.65125780000017,0.12368962828857115,0.03595715936257971,False,"[0.1576085116200582, 0.157330157080695, 0.1570551017469246, 0.1567832574696462, 0.15651453834175372, 0.15624886065313695, 0.1559861428461506, 0.15572630547155786, 0.15546927114496414, 0.1552149645037435, 0.15496331216447373, 0.15471424268088224, 0.1544676865023206, 0.15422357593276473, 0.15398184509035792, 0.15374242986749817, 0.15350526789147886, 0.15327029848568638, 0.1530374626313648, 0.15280670292994586, 0.15257796356595235, 0.15235119027047786, 0.15212633028524475, 0.15190333232724393, 0.1516821465539542, 0.15146272452914802, 0.15124501918927863, 0.15102898481044952, 0.15081457697597056, 0.15060175254448868, 0.15039046961870334, 0.15018068751465655, 0.14997236673159578, 0.1497654689224093, 0.14955995686462856, 0.14935579443199148, 0.14915294656656924, 0.14895137925143956, 0.1487510594839158, 0.14855195524931683, 0.14835403549527224, 0.14815727010656607, 0.1479616298804983, 0.14776708650277426, 0.14757361252390003, 0.14738118133609013, 0.1471897671506715, 0.1469993449759822, 0.14680989059575564, 0.14662138054798338, 0.14643379210425087, 0.1462471032495363, 0.14606129266246803, 0.14587633969603037, 0.1456922243587153, 0.14550892729610473, 0.14532642977288543, 0.14514471365528264, 0.14496376139390607, 0.14478355600700396, 0.14460408106411501, 0.14442532067011268, 0.14424725944963332, 0.14406988253188185, 0.14389317553580774, 0.14371712455564592, 0.1435417161468107, 0.1433669373121444, 0.14319277548850382, 0.1430192185336858, 0.14284625471368115, 0.14267387269025397, 0.1425020615088332, 0.14233081058671823, 0.14216010970158732, 0.14198994898030345, 0.14182031888801078, 0.14165121021752045, 0.14148261407897006, 0.14131452188976554, 0.14114692536478046, 0.14097981650682834, 0.1408131875973842, 0.14064703118756255, 0.14048134008933674, 0.14031610736700467, 0.14015132632888477, 0.1399869905192451, 0.13982309371045817, 0.13965962989537398, 0.13949659327991074, 0.13933397827585417, 0.13917177949386653, 0.1390099917366903, 0.13884860999255574, 0.13868762942877694, 0.13852704538553667, 0.13836685336985247, 0.13820704904972755, 0.13804762824846922, 0.137888586939186, 0.13772992123944564, 0.13757162740609835, 0.13741370183026028, 0.13725614103244935, 0.13709894165787562, 0.13694210047187627, 0.13678561435549683, 0.13662948030121266, 0.1364736954087856, 0.13631825688125623, 0.13616316202106504, 0.1360084082263013, 0.13585399298707318, 0.1356999138820013, 0.13554616857482785, 0.13539275481113747, 0.13523967041519494, 0.13508691328688388, 0.13493448139875533, 0.13478237279317626, 0.13463058557957983, 0.1344791179318085, 0.13432796808555295, 0.1341771343358848, 0.13402661503487193, 0.1338764085892855, 0.13372651345838762, 0.13357692815179997, 0.13342765122745168, 0.13327868128960527, 0.13313001698695193, 0.132981657010783, 0.13283360009322864, 0.13268584500556405, 0.13253839055658215, 0.1323912355910266, 0.13224437898808902, 0.132097819659963, 0.1319515565504567, 0.1318055886336585, 0.13165991491265944, 0.1315145344183241, 0.13136944620811325, 0.13122464936495268, 0.13108014299615114, 0.1309359262323596, 0.13079199822657686, 0.13064835815319556, 0.13050500520708616, 0.1303619386027238, 0.13021915757334837, 0.13007666137016324, 0.12993444926156522, 0.1297925205324114, 0.12965087448331433, 0.12950951042997044, 0.12936842770251522, 0.12922762564490928, 0.12908710361434841, 0.12894686098070235, 0.12880689712597715, 0.12866721144379972, 0.1285278033389289, 0.1283886722267837, 0.12824981753299672, 0.12811123869298355, 0.1279729351515367, 0.12783490636242853, 0.12769715178804203, 0.1275596708990118, 0.12742246317388076, 0.12728552809877552, 0.12714886516709215, 0.1270124738791991, 0.12687635374215, 0.1267405042694108, 0.1266049249805977, 0.12646961540122675, 0.12633457506247386, 0.12619980350094498, 0.12606530025845358, 0.12593106488181288, 0.1257970969226291, 0.12566339593710923, 0.12552996148587106, 0.12539679313376723, 0.12526389044970623, 0.12513125300649142, 0.1249988803806568, 0.12486677215231222, 0.12473492790499496, 0.12460334722552495, 0.12447202970386483, 0.12434097493298384, 0.12421018250872898, 0.1240796520296962, 0.12394938309710711, 0.12381937531469253, 0.12368962828857115]",C0464
14,6,linear,46,200,49.8328347000006,0.28105284149747195,0.05289559725304756,False,"[0.36583790479518435, 0.3649629555665734, 0.3640956503514491, 0.36323605705836687, 0.36238423727021923, 0.3615402461621247, 0.36070413244615274, 0.35987593834200204, 0.3590556995726452, 0.3582434453838266, 0.3574391985862166, 0.3566429756189494, 0.35585478663320885, 0.3550746355944553, 0.3543025204018962, 0.3535384330237367, 0.35278235964676635, 0.35203428083882465, 0.35129417172271266, 0.35056200216013217, 0.3498377369442702, 0.3491213359996909, 0.3484127545882299, 0.34771194351965845, 0.347018849365922, 0.3463334146778362, 0.345655578203185, 0.3449852751052121, 0.3443224371806087, 0.34366699307612203, 0.3430188685030159, 0.34237798644865697, 0.34174426738459857, 0.34111762947056024, 0.34049798875381226, 0.3398852593634995, 0.33927935369951523, 0.3386801826156004, 0.33808765559638515, 0.3375016809281388, 0.336922165863061, 0.33634901677697976, 0.335782139320356, 0.33522143856254677, 0.3346668191293209, 0.33411818533362075, 0.33357544129963396, 0.33303849108023326, 0.3325072387678912, 0.33198158859916777, 0.33146144505291886, 0.33094671294237143, 0.3304372975012182, 0.3299331044639197, 0.329434040140382, 0.32894001148521734, 0.3284509261617597, 0.32796669260106304, 0.327487220056061, 0.327012418651107, 0.32654219942709084, 0.3260764743823428, 0.3256151565095159, 0.3251581598286589, 0.32470539941666504, 0.3242567914332922, 0.3238122531439465, 0.32337170293940437, 0.32293506035265435, 0.3225022460730339, 0.32207318195781953, 0.3216477910414418, 0.3212259975424629, 0.3208077268684832, 0.3203929056191061, 0.31998146158710206, 0.3195733237579001, 0.31916842230752857, 0.3187666885991242, 0.31836805517812644, 0.31797245576624805, 0.3175798252543404, 0.3171900996942324, 0.31680321628964536, 0.31641911338625706, 0.3160377304610022, 0.31565900811068104, 0.3152828880399426, 0.3149093130487198, 0.3145382270191607, 0.3141695749021277, 0.31380330270331674, 0.3134393574690342, 0.3130776872716937, 0.31271824119506997, 0.31236096931934654, 0.3120058227060004, 0.3116527533825519, 0.31130171432722226, 0.3109526594535139, 0.3106055435947546, 0.3102603224886216, 0.3099169527616728, 0.30957539191390027, 0.30923559830333786, 0.308897531130727, 0.30856115042426296, 0.30822641702443576, 0.30789329256898057, 0.3075617394779469, 0.3072317209388933, 0.30690320089222933, 0.306576144016704, 0.3062505157150465, 0.30592628209977324, 0.3056034099791658, 0.3052818668434183, 0.3049616208509695, 0.30464264081501036, 0.30432489619018593, 0.30400835705947843, 0.30369299412128814, 0.3033787786767011, 0.30306568261695604, 0.3027536784111056, 0.30244273909386843, 0.3021328382536869, 0.301823950020973, 0.30151604905655327, 0.30120911054031113, 0.30090311016002397, 0.3005980241003895, 0.30029382903225077, 0.29999050210201145, 0.29968802092124347, 0.2993863635564767, 0.29908550851918514, 0.2987854347559534, 0.29848612163882954, 0.29818754895585836, 0.2978896969017982, 0.2975925460690112, 0.29729607743853315, 0.2970002723713185, 0.2967051125996551, 0.2964105802187497, 0.29611665767848344, 0.2958233277753294, 0.29553057364443674, 0.2952383787518763, 0.2949467268870442, 0.29465560215522263, 0.29436498897029695, 0.2940748720476253, 0.29378523639705795, 0.2934960673161071, 0.29320735038326184, 0.292919071451447, 0.2926312166416273, 0.29234377233654923, 0.29205672517462206, 0.29177006204393496, 0.2914837700764106, 0.29119783664208765, 0.29091224934353654, 0.2906269960104034, 0.290342064694081, 0.29005744366250313, 0.28977312139506256, 0.28948908657765443, 0.2892053280978327, 0.28892183504008867, 0.28863859668124675, 0.288355602485969, 0.28807284210238115, 0.2877903053578024, 0.2875079822545886, 0.28722586296608205, 0.2869439378326706, 0.28666219735794757, 0.2863806322049821, 0.28609923319268304, 0.28581799129226965, 0.28553689762384016, 0.28525594345304, 0.2849751201878211, 0.2846944193753039, 0.28441383269872866, 0.2841333519744985, 0.2838529691493212, 0.2835726762974303, 0.28329246561790467, 0.28301232943207005, 0.28273226018098996, 0.28245225042304223, 0.2821722928315754, 0.2818923801926573, 0.28161250540289384, 0.2813326614673369, 0.28105284149747195]",C0465
14,6,ring,42,184,46.70058160000008,0.34385491081066305,0.022572192173704153,True,"[0.3554906149329666, 0.35541752855396286, 0.3553444909253863, 0.3552715033113847, 0.3551985669713357, 0.35512568315973064, 0.3550528531260576, 0.35498007811468407, 0.354907359364744, 0.3548346981100196, 0.35476209557883454, 0.3546895529939359, 0.354617071572389, 0.354544652525463, 0.3544722970585266, 0.3544000063709388, 0.35432778165594286, 0.35425562410056105, 0.35418353488549414, 0.3541115151850151, 0.35403956616687127, 0.35396768899218134, 0.35389588481534157, 0.3538241547839231, 0.3537525000385805, 0.3536809217129567, 0.3536094209335862, 0.353537998819809, 0.35346665648367553, 0.3533953950298601, 0.3533242155555732, 0.3532531191504743, 0.3531821068965891, 0.3531111798682237, 0.35304033913188554, 0.3529695857462008, 0.35289892076183754, 0.35282834522142664, 0.35275786015948835, 0.35268746660235417, 0.35261716556809924, 0.3525469580664656, 0.3524768450987971, 0.3524068276579691, 0.3523369067283208, 0.35226708328559314, 0.3521973582968629, 0.35212773272048087, 0.3520582075060134, 0.35198878359418256, 0.35191946191680756, 0.3518502433967516, 0.3517811289478666, 0.351712119474942, 0.3516432158736516, 0.3515744190305065, 0.35150572982280703, 0.3514371491185974, 0.3513686777766193, 0.3513003166462723, 0.35123206656756933, 0.35116392837110066, 0.35109590287799336, 0.351027990899876, 0.3509601932388439, 0.35089251068742755, 0.3508249440285584, 0.3507574940355408, 0.35069016147202375, 0.35062294709197384, 0.3505558516396513, 0.3504888758495843, 0.3504220204465506, 0.35035528614555134, 0.35028867365180033, 0.35022218366070096, 0.35015581685783287, 0.35008957391893814, 0.35002345550990693, 0.3499574622867702, 0.34989159489568605, 0.3498258539729358, 0.3497602401449153, 0.3496947540281309, 0.3496293962291963, 0.3495641673448304, 0.34949906796185765, 0.3494340986572091, 0.34936925999792395, 0.3493045525411552, 0.34923997683417474, 0.3491755334143801, 0.3491112228093023, 0.3490470455366167, 0.34898300210415545, 0.3489190930099154, 0.34885531874207787, 0.34879167977902076, 0.3487281765893349, 0.34866480963184426, 0.3486015793556233, 0.34853848620001954, 0.3484755305946724, 0.3484127129595395, 0.34835003370492096, 0.3482874932314827, 0.34822509193028545, 0.34816283018281297, 0.3481007083610005, 0.3480387268272654, 0.34797688593453924, 0.34791518602630056, 0.34785362743661036, 0.3477922104901444, 0.34773093550223017, 0.3476698027788873, 0.3476088126168619, 0.34754796530366816, 0.34748726111762857, 0.34742670032791484, 0.3473662831945917, 0.347306009968658, 0.3472458808920943, 0.34718589619790624, 0.34712605611016983, 0.3470663608440831, 0.3470068106060073, 0.34694740559352377, 0.3468881459954769, 0.3468290319920298, 0.3467700637547121, 0.3467112414464757, 0.3466525652217441, 0.3465940352264708, 0.34653565159818955, 0.3464774144660715, 0.3464193239509822, 0.3463613801655372, 0.3463035832141583, 0.34624593319313596, 0.3461884301906805, 0.34613107428699036, 0.34607386555430547, 0.3460168040569687, 0.3459598898514895, 0.3459031229866035, 0.34584650350333457, 0.3457900314350601, 0.3457337068075685, 0.3456775296391294, 0.34562149994055125, 0.34556561771525196, 0.3455098829593187, 0.3454542956615773, 0.3453988558036546, 0.3453435633600449, 0.3452884182981795, 0.34523342057848894, 0.34517857015447273, 0.34512386697276753, 0.34506931097321086, 0.34501490208891367, 0.3449606402463252, 0.3449065253653008, 0.3448525573591746, 0.34479873613482354, 0.34474506159273915, 0.3446915336270956, 0.3446381521258189, 0.3445849169706565, 0.344531828037247, 0.3444788851951894, 0.344426088308112, 0.34437343723374453, 0.34432093182398466, 0.34426857192497123, 0.34421635737715084, 0.34416428801535043, 0.34411236366884623, 0.3440605841614327, 0.3440089493114938, 0.3439574589320723, 0.3439061128309386, 0.34385491081066305]",C0466
14,6,ring,43,200,50.978919699999096,0.34775841157740256,0.02368173860514408,False,"[0.35965101756441215, 0.3595902062129193, 0.3595293762958553, 0.3594685282433218, 0.35940766248727857, 0.35934677946150273, 0.359285879601551, 0.35922496334472187, 0.3591640311300173, 0.35910308339810176, 0.3590421205912639, 0.3589811431533764, 0.3589201515298588, 0.3588591461676303, 0.3587981275150786, 0.3587370960220138, 0.3586760521396271, 0.3586149963204523, 0.3585539290183252, 0.35849285068833875, 0.3584317617868048, 0.35837066277121005, 0.358309554100178, 0.3582484362334206, 0.35818730963170287, 0.3581261747567953, 0.3580650320714354, 0.35800388203928196, 0.35794272512487496, 0.35788156179359143, 0.3578203925116016, 0.35775921774582814, 0.35769803796390326, 0.3576368536341225, 0.3575756652254044, 0.35751447320724694, 0.3574532780496823, 0.3573920802232378, 0.35733088019888687, 0.35726967844801055, 0.35720847544235174, 0.35714727165397214, 0.35708606755520905, 0.3570248636186327, 0.3569636603170018, 0.35690245812322136, 0.3568412575102978, 0.35678005895129844, 0.3567188629193051, 0.35665766988737363, 0.35659648032849006, 0.3565352947155271, 0.35647411352120234, 0.3564129372180342, 0.3563517662783009, 0.3562906011739969, 0.35622944237679155, 0.35616829035798453, 0.35610714558846623, 0.3560460085386757, 0.35598487967855624, 0.35592375947751786, 0.3558626484043909, 0.35580154692738963, 0.3557404555140681, 0.3556793746312801, 0.35561830474513856, 0.35555724632097485, 0.3554961998232991, 0.35543516571575884, 0.3553741444611015, 0.35531313652113267, 0.35525214235667796, 0.35519116242754256, 0.35513019719247507, 0.35506924710912696, 0.3550083126340153, 0.35494739422248195, 0.3548864923286619, 0.3548256074054403, 0.35476473990441804, 0.3547038902758741, 0.35464305896872944, 0.354582246430512, 0.3545214531073189, 0.3544606794437821, 0.3543999258830339, 0.35433919286667104, 0.35427848083472063, 0.3542177902256075, 0.354157121476118, 0.35409647502136904, 0.35403585129477433, 0.3539752507280109, 0.3539146737509889, 0.3538541207918181, 0.3537935922767782, 0.35373308863028585, 0.3536726102748659, 0.3536121576311206, 0.3535517311176991, 0.353491331151271, 0.35343095814649234, 0.35337061251598323, 0.3533102946702952, 0.35325000501788517, 0.353189743965089, 0.35312951191609426, 0.35306930927291325, 0.35300913643535897, 0.35294899380101696, 0.35288888176522415, 0.35282880072104067, 0.35276875105922806, 0.3527087331682256, 0.35264874743412705, 0.3525887942406566, 0.3525288739691496, 0.35246898699852836, 0.35240913370528276, 0.3523493144634481, 0.35228952964458554, 0.35222977961776347, 0.352170064749535, 0.35211038540392314, 0.3520507419424003, 0.35199113472387056, 0.35193156410465265, 0.3518720304384626, 0.3518125340763986, 0.3517530753669234, 0.3516936546558518, 0.351634272286331, 0.35157492859883105, 0.35151562393112756, 0.3514563586182907, 0.3513971329926698, 0.3513379473838834, 0.3512788021188049, 0.3512196975215524, 0.351160633913477, 0.3511016116131544, 0.3510426309363705, 0.3509836921961163, 0.3509247957025754, 0.35086594176311847, 0.35080713068229236, 0.3507483627618134, 0.3506896383005618, 0.35063095759457186, 0.35057232093702767, 0.3505137286182575, 0.3504551809257278, 0.3503966781440379, 0.3503382205549169, 0.3502798084372188, 0.3502214420669185, 0.35016312171711156, 0.3501048476580072, 0.35004662015693006, 0.3499884394783157, 0.3499303058837124, 0.3498722196317769, 0.3498141809782771, 0.34975619017608983, 0.34969824747520295, 0.349640353122716, 0.3495825073628393, 0.34952471043690003, 0.3494669625833403, 0.34940926403772254, 0.3493516150327312, 0.3492940157981758, 0.34923646656099583, 0.34917896754526473, 0.3491215189721946, 0.3490641210601398, 0.34900677402460395, 0.3489494780782455, 0.34889223343088294, 0.3488350402895035, 0.348777898858267, 0.34872080933851407, 0.34866377192877657, 0.3486067868247809, 0.34854985421946055, 0.34849297430296283, 0.3484361472626566, 0.34837937328314444, 0.3483226525462701, 0.3482659852311306, 0.3482093715140837, 0.34815281156876143, 0.3480963055660796, 0.3480398536742487, 0.3479834560587865, 0.3479271128825306, 0.3478708243056481, 0.3478145904856497, 0.34775841157740256]",C0467
14,6,ring,44,200,50.888714900000195,0.4008106183198861,0.025780075383597938,False,"[0.41527627902186115, 0.41520454033579063, 0.4151327294009837, 0.41506084686064143, 0.41498889336690503, 0.41491686958083973, 0.4148447761724058, 0.4147726138204372, 0.4147003832126152, 0.41462808504544035, 0.4145557200242021, 0.41448328886295205, 0.4144107922844667, 0.4143382310202191, 0.414265605810339, 0.41419291740358105, 0.4141201665572821, 0.41404735403732523, 0.4139744806180956, 0.41390154708244015, 0.41382855422162246, 0.4137555028352774, 0.413682393731362, 0.41360922772610864, 0.41353600564397536, 0.41346272831759107, 0.4133893965877042, 0.41331601130312656, 0.41324257332067854, 0.4131690835051289, 0.4130955427291374, 0.4130219518731898, 0.41294831182554, 0.4128746234821424, 0.41280088774658746, 0.4127271055300339, 0.4126532777511411, 0.41257940533599574, 0.41250548921804403, 0.41243153033801494, 0.4123575296438468, 0.4122834880906105, 0.41220940664043365, 0.4121352862624176, 0.4120611279325583, 0.4119869326336662, 0.4119127013552796, 0.4118384350935802, 0.4117641348513061, 0.41168980163766544, 0.41161543646824583, 0.4115410403649232, 0.4114666143557704, 0.4113921594749627, 0.411317676762683, 0.4112431672650268, 0.41116863203390147, 0.41109407212693, 0.41101948860735227, 0.4109448825439168, 0.4108702550107858, 0.410795607087425, 0.41072093985850183, 0.4106462544137779, 0.410571551847999, 0.41049683326079156, 0.41042209975654487, 0.4103473524443073, 0.4102725924376674, 0.4101978208546466, 0.41012303881757856, 0.410048247452999, 0.4099734478915211, 0.40989864126772996, 0.4098238287200512, 0.4097490113906392, 0.40967419042525205, 0.4095993669731345, 0.40952454218689127, 0.4094497172223638, 0.4093748932385101, 0.4093000713972747, 0.4092252528634654, 0.4091504388046268, 0.40907563039091116, 0.4090008287949523, 0.4089260351917346, 0.40885125075846634, 0.40877647667444705, 0.4087017141209373, 0.4086269642810275, 0.40855222833950705, 0.4084775074827315, 0.40840280289848874, 0.4083281157758642, 0.40825344730511276, 0.408178798677519, 0.4081041710852635, 0.40802956572128984, 0.407954983779171, 0.40788042645296624, 0.4078058949370953, 0.4077313904261957, 0.4076569141149878, 0.4075824671981395, 0.40750805087013164, 0.40743366632511707, 0.4073593147567885, 0.40728499735823803, 0.407210715321824, 0.4071364698390329, 0.4070622621003415, 0.40698809329508456, 0.40691396461131435, 0.40683987723566667, 0.40676583235322505, 0.406691831147385, 0.4066178747997185, 0.40654396448983904, 0.40647010139526757, 0.40639628669129546, 0.40632252155085574, 0.40624880714438494, 0.40617514463969184, 0.40610153520182674, 0.40602797999294477, 0.40595448017217894, 0.405881036895508, 0.4058076513156251, 0.4057343245818104, 0.40566105783979894, 0.4055878522316551, 0.40551470889564634, 0.40544162896611147, 0.40536861357334114, 0.40529566384344706, 0.4052227808982428, 0.4051499658551175, 0.40507721982691275, 0.4050045439218057, 0.4049319392431827, 0.40485940688952543, 0.4047869479542886, 0.4047145635257853, 0.4046422546870682, 0.4045700225158157, 0.40449786808422067, 0.404425792458872, 0.4043537967006467, 0.4042818818646011, 0.4042100489998564, 0.40413829914949595, 0.40406663335045534, 0.4039950526334186, 0.40392355802271257, 0.4038521505362085, 0.40378083118521435, 0.4037096009743812, 0.4036384609015999, 0.40356741195790696, 0.4034964551273877, 0.40342559138708367, 0.40335482170689646, 0.40328414704950194, 0.4032135683702555, 0.4031430866171072, 0.4030727027305142, 0.40300241764335526, 0.4029322322808489, 0.40286214756046984, 0.4027921643918714, 0.4027222836768028, 0.4026525063090367, 0.4025828331742924, 0.4025132651501609, 0.4024438031060353, 0.4023744479030368, 0.40230520039395284, 0.40223606142316254, 0.4021670318265768, 0.4020981124315735, 0.4020293040569359, 0.401960607512791, 0.4018920236005547, 0.40182355311287177, 0.4017551968335642, 0.40168695553757644, 0.4016188299909231, 0.40155082095064387, 0.40148292916475053, 0.401415155372184, 0.4013475003027703, 0.4012799646771762, 0.4012125492068706, 0.4011452545940845, 0.4010780815317756, 0.4010110307035894, 0.4009441027838286, 0.4008772984374205, 0.4008106183198861]",C0468
14,6,ring,45,20,5.172384800000145,0.15925499884254532,0.015619218012129116,True,"[0.15971815540964943, 0.15969379547091386, 0.1596694336281174, 0.15964506988884283, 0.15962070426080238, 0.15959633675183785, 0.1595719673699221, 0.15954759612316144, 0.1595232230197961, 0.1594988480682025, 0.15947447127689413, 0.1594500926545239, 0.15942571220988414, 0.15940132995190875, 0.15937694588967594, 0.1593525600324069, 0.1593281723894697, 0.15930378297037923, 0.15927939178479986, 0.15925499884254532]",C0469
14,6,ring,46,200,50.9237921999993,0.3740304486654661,0.02396975528668286,False,"[0.3863850377413245, 0.3863210021321796, 0.38625695271165006, 0.38619289003660484, 0.3861288146647417, 0.38606472715453216, 0.3860006280651742, 0.38593651795654293, 0.38587239738914164, 0.38580826692405207, 0.38574412712288286, 0.3856799785477244, 0.38561582176109416, 0.38555165732589064, 0.3854874858053434, 0.3854233077629594, 0.38535912376247844, 0.3852949343678217, 0.38523074014304093, 0.38516654165226866, 0.3851023394596709, 0.38503813412939475, 0.3849739262255206, 0.3849097163120111, 0.3848455049526643, 0.3847812927110617, 0.38471708015051914, 0.38465286783403946, 0.3845886563242619, 0.38452444618341197, 0.38446023797325485, 0.3843960322550465, 0.38433182958948153, 0.3842676305366499, 0.38420343565598397, 0.38413924550621265, 0.3840750606453112, 0.3840108816304575, 0.38394670901798017, 0.3838825433633114, 0.3838183852209412, 0.38375423514437, 0.38369009368606005, 0.3836259613973906, 0.3835618388286105, 0.383497726528791, 0.38343362504577966, 0.3833695349261573, 0.38330545671518906, 0.3832413909567799, 0.3831773381934297, 0.3831132989661899, 0.3830492738146155, 0.38298526327672383, 0.38292126788894815, 0.38285728818609693, 0.38279332470130756, 0.38272937796600376, 0.38266544850985496, 0.3826015368607289, 0.38253764354465586, 0.3824737690857817, 0.3824099140063291, 0.3823460788265541, 0.38228226406470706, 0.3822184702369916, 0.38215469785752504, 0.38209094743829697, 0.3820272194891311, 0.38196351451764626, 0.38189983302921726, 0.38183617552693583, 0.38177254251157494, 0.38170893448154825, 0.3816453519328761, 0.3815817953591455, 0.3815182652514779, 0.38145476209848667, 0.3813912863862515, 0.3813278385982724, 0.38126441921544146, 0.3812010287160093, 0.3811376675755456, 0.381074336266911, 0.381011035260224, 0.3809477650228232, 0.3808845260192403, 0.3808213187111664, 0.38075814355742116, 0.3806950010139228, 0.3806318915336547, 0.38056881556663963, 0.38050577355990717, 0.380442765957468, 0.38037979320027965, 0.38031685572622614, 0.3802539539700834, 0.38019108836349635, 0.38012825933495165, 0.3800654673097493, 0.3800027127099808, 0.3799399959544997, 0.37987731745890013, 0.3798146776354905, 0.3797520768932715, 0.3796895156379111, 0.3796269942717227, 0.3795645131936434, 0.3795020727992087, 0.37943967348053764, 0.3793773156263051, 0.379314999621727, 0.3792527258485345, 0.37919049468496185, 0.37912830650572094, 0.37906616168198715, 0.3790040605813784, 0.3789420035679415, 0.37887999100213043, 0.37881802324079455, 0.3787561006371593, 0.37869422354081256, 0.37863239229769036, 0.3785706072500585, 0.37850886873650413, 0.3784471770919181, 0.3783855326474837, 0.3783239357306645, 0.37826238666518996, 0.3782008857710485, 0.3781394333644723, 0.37807802975792715, 0.3780166752601053, 0.37795537017591363, 0.3778941148064639, 0.37783290944906806, 0.3777717543972249, 0.37771064994061493, 0.3776495963650962, 0.3775885939526912, 0.37752764298158736, 0.3774667437261268, 0.3774058964568023, 0.3773451014402535, 0.377284358939263, 0.37722366921274847, 0.3771630325157663, 0.3771024490995018, 0.37704191921127134, 0.37698144309452003, 0.37692102098881536, 0.3768606531298537, 0.37680033974945404, 0.37674008107556006, 0.37667987733224123, 0.3766197287396905, 0.3765596355142283, 0.3764995978683055, 0.3764396160105007, 0.37637969014552614, 0.37631982047423024, 0.376260007193603, 0.3762002504967725, 0.3761405505730178, 0.376080907607771, 0.37602132178261816, 0.37596179327531004, 0.3759023222597656, 0.37584290890607763, 0.3757835533805219, 0.37572425584556235, 0.3756650164598588, 0.37560583537827535, 0.3755467127518894, 0.37548764872799606, 0.37542864345012655, 0.3753696970580461, 0.3753108096877718, 0.37525198147158045, 0.375193212538019, 0.37513450301191514, 0.37507585301438817, 0.3750172626628639, 0.3749587320710814, 0.3749002613491113, 0.3748418506033619, 0.37478349993659793, 0.37472520944795135, 0.3746669792329351, 0.3746088093834578, 0.3745506999878363, 0.3744926511308136, 0.37443466289357097, 0.37437673535374577, 0.3743188685854437, 0.3742610626592578, 0.3742033176422834, 0.37414563359813424, 0.37408801058696034, 0.3740304486654661]",C0470
14,8,linear,42,200,65.2668334000009,0.3028072259267514,0.040750367017725116,False,"[0.38301418547502575, 0.3821333489253153, 0.38125862519519244, 0.38039013912594294, 0.3795280071087978, 0.37867233714208476, 0.3778232289135954, 0.3769807739064959, 0.37614505552704136, 0.375316149252324, 0.3744941227962625, 0.373679036292044, 0.372870942489218, 0.37206988696370175, 0.3712759083389601, 0.3704890385166915, 0.36970930291540327, 0.3689367207153187, 0.3681713051081471, 0.36741306355030334, 0.366661998018268, 0.3659181052648486, 0.36518137707519777, 0.36445180052152937, 0.3637293582155686, 0.3630140285578401, 0.3623057859830206, 0.36160460120062726, 0.36091044143042356, 0.3602232706319887, 0.35954304972798157, 0.35886973682069195, 0.35820328740155144, 0.3575436545533273, 0.3568907891447997, 0.35624464001775547, 0.35560515416620847, 0.35497227690778216, 0.35434595204724645, 0.35372612203223514, 0.3531127281012024, 0.3525057104237194, 0.3519050082332248, 0.3513105599523768, 0.3507223033111794, 0.3501401754580607, 0.3495641130641056, 0.3489940524206644, 0.34842992953054647, 0.34787168019304676, 0.3473192400830299, 0.346772544824324, 0.34623153005765844, 0.3456961315034065, 0.3451662850193581, 0.34464192665378296, 0.3441229926940142, 0.34360941971079556, 0.34310114459861857, 0.3425981046122807, 0.3421002373998891, 0.34160748103251176, 0.34111977403069976, 0.340637055388069, 0.34015926459214824, 0.33968634164265926, 0.3392182270674304, 0.3387548619360995, 0.338296187871772, 0.33784214706079446, 0.33739268226078195, 0.33694773680704826, 0.33650725461756886, 0.33607118019659954, 0.33563945863706773, 0.3352120356218581, 0.33478885742408265, 0.33436987090644416, 0.3339550235197807, 0.3335442633008791, 0.3331375388696329, 0.3327347994256272, 0.3323359947442123, 0.3319410751721326, 0.3315499916227738, 0.33116269557107697, 0.3307791390481753, 0.3303992746357971, 0.33002305546047733, 0.3296504351876162, 0.3292813680154237, 0.32891580866877485, 0.3285537123930151, 0.3281950349477268, 0.3278397326004968, 0.3274877621206947, 0.3271390807732848, 0.32679364631267804, 0.32645141697666646, 0.3261123514804098, 0.32577640901052485, 0.3254435492192605, 0.32511373221877937, 0.3247869185755464, 0.3244630693048306, 0.3241421458653265, 0.32382411015389007, 0.32350892450040397, 0.32319655166276035, 0.3228869548219682, 0.3225800975773826, 0.32227594394205916, 0.3219744583382245, 0.32167560559286407, 0.3213793509334312, 0.32108565998366245, 0.3207944987595052, 0.320505833665154, 0.32021963148918214, 0.31993585940078134, 0.3196544849460881, 0.3193754760446047, 0.3190988009857074, 0.31882442842523323, 0.31855232738215183, 0.31828246723530257, 0.3180148177202094, 0.317749348925957, 0.31748603129213043, 0.31722483560581216, 0.3169657329986329, 0.31670869494387116, 0.3164536932536047, 0.316200700075896, 0.31594968789202466, 0.3157006295137522, 0.315453498080619, 0.31520826705727567, 0.3149649102308354, 0.314723401708253, 0.31448371591372754, 0.31424582758612046, 0.3140097117763906, 0.31377534384504724, 0.3135426994596116, 0.31331175459209, 0.31308248551645457, 0.3128548688061362, 0.31262888133151534, 0.3124045002574206, 0.3121817030406313, 0.3119604674273808, 0.3117407714508584, 0.3115225934287141, 0.31130591196055846, 0.31109070592546534, 0.3108769544794709, 0.3106646370530642, 0.31045373334868215, 0.31024422333819857, 0.3100360872604054, 0.30982930561849387, 0.3096238591775329, 0.3094197289619376, 0.30921689625293997, 0.3090153425860503, 0.3088150497485191, 0.30861599977679244, 0.30841817495396656, 0.3082215578072368, 0.30802613110534527, 0.30783187785602684, 0.3076387813034526, 0.3074468249256733, 0.30725599243205887, 0.3070662677607419, 0.3068776350760585, 0.30669007876599075, 0.3065035834396131, 0.3063181339245354, 0.3061337152643543, 0.3059503127161055, 0.30576791174772033, 0.3055864980354869, 0.30540605746151556, 0.30522657611121523, 0.305048040270769, 0.30487043642462247, 0.3046937512529779, 0.30451797162930083, 0.3043430846178269, 0.3041690774710904, 0.30399593762745425, 0.3038236527086554, 0.30365221051736185, 0.3034815990347393, 0.3033118064180379, 0.3031428209981796, 0.30297463127737717, 0.3028072259267514]",C0471
14,8,linear,43,200,65.31048239999836,0.27671418033185985,0.05086392183911209,False,"[0.379999828575583, 0.3790845397098738, 0.37816906083308843, 0.37725356426322343, 0.37633822873619877, 0.3754232389437169, 0.37450878504448154, 0.3735950621511353, 0.37268226979548774, 0.3717706113747553, 0.37086029358171974, 0.36995152582180346, 0.3690445196201902, 0.36813948802217134, 0.36723664498994685, 0.36633620479912504, 0.3654383814381415, 0.36454338801377545, 0.36365143616586826, 0.3627627354942394, 0.36187749300067545, 0.3609959125487129, 0.36011819434375664, 0.35924453443589177, 0.35837512424753576, 0.3575101501278436, 0.35664979293556404, 0.3557942276517861, 0.3549436230237738, 0.3540981412408448, 0.35325793764298696, 0.35242316046266986, 0.3515939506000772, 0.35077044143172936, 0.3499527586522803, 0.3491410201490256, 0.3483353359085009, 0.34753580795434175, 0.34674253031542357, 0.3459555890231551, 0.3451750621366654, 0.34440101979450954, 0.3436335242914307, 0.3428726301786301, 0.34211838438595077, 0.3413708263643082, 0.34062998824671575, 0.33989589502619566, 0.3391685647488974, 0.3384480087207444, 0.33773423172595696, 0.3370272322558409, 0.33632700274626853, 0.3356335298223358, 0.3349467945487408, 0.33426677268449023, 0.33359343494062194, 0.33292674723968846, 0.3322666709758462, 0.3316131632744538, 0.3309661772501813, 0.33032566226269794, 0.3296915641690967, 0.32906382557228786, 0.32844238606467746, 0.3278271824665083, 0.3272181490583329, 0.3266152178071458, 0.3260183185857679, 0.32542737938515043, 0.3248423265193135, 0.3242630848227016, 0.3236895778397798, 0.3231217280067575, 0.3225594568253551, 0.3220026850285903, 0.32145133273857557, 0.3209053196163779, 0.3203645650040019, 0.3198289880585951, 0.31929850787900443, 0.31877304362481745, 0.3182525146280641, 0.3177368404977433, 0.3172259412173887, 0.31671973723585295, 0.3162181495515527, 0.3157210997903729, 0.31522851027747567, 0.3147403041032343, 0.31425640518353426, 0.3137767383146726, 0.3133012292230951, 0.3128298046102029, 0.31236239219246276, 0.3118989207370513, 0.31143932009325664, 0.31098352121986117, 0.3105314562087256, 0.31008305830477584, 0.30963826192261007, 0.3091970026599184, 0.3087592173079084, 0.3083248438589307, 0.30789382151147526, 0.30746609067271524, 0.3070415929587725, 0.3066202711928513, 0.30620206940140393, 0.3057869328084727, 0.30537480782834375, 0.30496564205664906, 0.30455938426004864, 0.3041559843646041, 0.30375539344296126, 0.3033575637004592, 0.3029624484602553, 0.3025700021475748, 0.3021801802731657, 0.3017929394160614, 0.3014082372057164, 0.30102603230360153, 0.3006462843843329, 0.30026895411639226, 0.29989400314251385, 0.2995213940597905, 0.29915109039955917, 0.2987830566071107, 0.29841725802128266, 0.29805366085397356, 0.29769223216962076, 0.29733293986468207, 0.296975752647164, 0.296620640016214, 0.296267572241825, 0.2959165203446711, 0.2955674560760995, 0.2952203518983124, 0.29487518096474796, 0.29453191710068705, 0.29419053478410817, 0.2938510091267978, 0.29351331585573565, 0.2931774312947702, 0.2928433323465928, 0.29251099647502116, 0.29218040168760234, 0.29185152651854823, 0.291524350011995, 0.29119885170561643, 0.2908750116145721, 0.29055281021580887, 0.2902322284327169, 0.28991324762013804, 0.28959584954972994, 0.2892800163956927, 0.2889657307208483, 0.28865297546307994, 0.2883417339221287, 0.2880319897467429, 0.2877237269221869, 0.2874169297580952, 0.28711158287667626, 0.2868076712012657, 0.28650517994521946, 0.2862040946011426, 0.28590440093045777, 0.2856060849533012, 0.2853091329387421, 0.2850135313953302, 0.2847192670619491, 0.2844263268989916, 0.28413469807982944, 0.28384436798259427, 0.28355532418224294, 0.28326755444292134, 0.28298104671060387, 0.28269578910601373, 0.2824117699178142, 0.28212897759606786, 0.28184740074594944, 0.28156702812171874, 0.281287848620935, 0.2810098512789196, 0.2807330252634463, 0.2804573598696662, 0.28018284451525505, 0.27990946873577444, 0.2796372221802481, 0.27936609460694106, 0.27909607587933866, 0.278827155962317, 0.2785593249185064, 0.2782925729048284, 0.2780268901692148, 0.27776226704749446, 0.2774986939604454, 0.27723616141100843, 0.2769746599816459, 0.27671418033185985]",C0472
14,8,linear,44,200,65.13389170000119,0.30933326333823025,0.05803845430292481,False,"[0.4136542652286973, 0.41271666408113516, 0.4117898283633593, 0.41087358540179003, 0.4099677617482752, 0.4090721833541639, 0.4081866757407747, 0.4073110641659746, 0.4064451737866236, 0.4055888298166667, 0.4047418576806868, 0.4039040831627468, 0.40307533255040456, 0.4022554327737729, 0.40144421153954635, 0.4006414974599365, 0.3998471201764516, 0.39906091047851494, 0.3982827004169011, 0.39751232341199344, 0.3967496143569022, 0.3959944097154517, 0.3952465476151014, 0.3945058679348463, 0.3937722123881695, 0.39304542460111164, 0.3923253501855428, 0.39161183680772854, 0.3909047342522653, 0.39020389448150716, 0.3895091716905548, 0.38882042235794073, 0.38813750529208724, 0.38746028167367014, 0.3867886150939782, 0.38612237158939505, 0.38546141967209285, 0.384805630357076, 0.3841548771856577, 0.3835090362455013, 0.38286798618732076, 0.38223160823835617, 0.3815997862127322, 0.3809724065188015, 0.38034935816357657, 0.37973053275436347, 0.3791158244976833, 0.3785051301956, 0.3778983492395325, 0.37729538360166676, 0.3766961378240521, 0.3761005190054742, 0.37550843678620904, 0.37491980333073055, 0.37433453330847294, 0.3737525438727301, 0.37317375463778246, 0.37259808765432423, 0.37202546738328257, 0.371455820668111, 0.3708890767056305, 0.3703251670154936, 0.3697640254083637, 0.36920558795286673, 0.36864979294139844, 0.36809658085486524, 0.3675458943264146, 0.36699767810424494, 0.36645187901354687, 0.3659084459176545, 0.3653673296784748, 0.3648284831162484, 0.36429186096872057, 0.36375741984977894, 0.3632251182076195, 0.3626949162825066, 0.3621667760641815, 0.36164066124897876, 0.3611165371967161, 0.36059437088739854, 0.36007413087780915, 0.3595557872580227, 0.35903931160791575, 0.35852467695369483, 0.3580118577245249, 0.35750082970928154, 0.35699157001348636, 0.35648405701646124, 0.3559782703287646, 0.3554741907499208, 0.354971800226517, 0.3544710818106819, 0.3539720196189964, 0.3534745987918693, 0.3529788054534119, 0.35248462667184305, 0.3519920504204616, 0.3515010655392059, 0.35101166169684106, 0.35052382935378423, 0.35003755972561024, 0.3495528447472455, 0.3490696770378778, 0.34858804986660186, 0.34810795711881865, 0.34762939326339837, 0.34715235332063127, 0.3466768328309732, 0.34620282782459444, 0.3457303347917501, 0.34525935065397245, 0.3447898727360959, 0.34432189873911473, 0.34385542671388836, 0.34339045503567983, 0.34292698237954555, 0.342465007696558, 0.3420045301908802, 0.34154554929766895, 0.34108806466181435, 0.3406320761175081, 0.3401775836686318, 0.3397245874699583, 0.3392730878091578, 0.3388230850896024, 0.3383745798139507, 0.33792757256850886, 0.33748206400835207, 0.3370380548431938, 0.33659554582399, 0.3361545377302632, 0.33571503135813335, 0.33527702750903776, 0.33484052697912364, 0.3344055305492984, 0.333972038975928, 0.3335400529821461, 0.3331095732497816, 0.3326806004118658, 0.33225313504571924, 0.3318271776665819, 0.33140272872178494, 0.3309797885854366, 0.33055835755360213, 0.3301384358399705, 0.3297200235719758, 0.3293031207873661, 0.32888772743119316, 0.32847384335321245, 0.32806146830566807, 0.32765060194145146, 0.32724124381261505, 0.3268333933692148, 0.32642704995848043, 0.32602221282428134, 0.32561888110688353, 0.3252170538429676, 0.324816729965911, 0.3244179083062985, 0.32402058759266206, 0.32362476645242183, 0.3232304434130281, 0.322837616903277, 0.32244628525478997, 0.3220564467036512, 0.32166809939218, 0.3212812413708294, 0.32089587060020175, 0.32051198495316485, 0.32012958221705806, 0.31974866009598407, 0.31936921621316433, 0.31899124811336105, 0.3186147532653413, 0.3182397290643896, 0.3178661728348501, 0.3174940818326914, 0.3171234532480884, 0.31675428420801355, 0.3163865717788256, 0.31602031296885646, 0.3156555047309845, 0.31529214396518707, 0.3149302275210729, 0.31456975220038297, 0.3142107147594566, 0.3138531119116589, 0.3134969403297667, 0.3131421966483033, 0.31278887746582684, 0.3124369793471592, 0.3120864988255618, 0.3117374324048496, 0.31138977656144123, 0.3110435277463455, 0.31069868238708154, 0.3103552368895278, 0.3100131876397055, 0.30967253100548614, 0.30933326333823025]",C0473
14,8,linear,45,200,65.22703589999946,0.13575507380273458,0.026770437099323918,False,"[0.16455536581842675, 0.16422519047558534, 0.16389833025078793, 0.16357478483493235, 0.16325455254231663, 0.1629376303168846, 0.16262401374111632, 0.1623136970474927, 0.16200667313245826, 0.1617029335728005, 0.1614024686443494, 0.16110526734290187, 0.16081131740726348, 0.1605206053443006, 0.1602331164558835, 0.15994883486760694, 0.1596677435591621, 0.15938982439623886, 0.15911505816382981, 0.15884342460081177, 0.15857490243567526, 0.15830946942327473, 0.15804710238247513, 0.15778777723456855, 0.15753146904233592, 0.15727815204963683, 0.1570277997214081, 0.15678038478395223, 0.15653587926541226, 0.15629425453631945, 0.15605548135011366, 0.1558195298835365, 0.15558636977680598, 0.1553559701734786, 0.1551282997599212, 0.1549033268043079, 0.15468101919507124, 0.15446134447873702, 0.1542442698970841, 0.15402976242356142, 0.15381778879891914, 0.15360831556599924, 0.15340130910364416, 0.15319673565968767, 0.15299456138298645, 0.15279475235447496, 0.15259727461720882, 0.1524020942053796, 0.15220917717228816, 0.15201848961725953, 0.15182999771149014, 0.15164366772282814, 0.1514594660394785, 0.15127735919263569, 0.1510973138780523, 0.15091929697654385, 0.15074327557344458, 0.15056921697702164, 0.150397088735867, 0.1502268586552756, 0.15005849481263459, 0.14989196557183784, 0.1497272395967473, 0.1495642858637263, 0.14940307367326286, 0.1492435726607096, 0.14908575280616657, 0.14892958444352722, 0.14877503826872035, 0.14862208534716853, 0.14847069712049207, 0.14832084541248786, 0.14817250243440463, 0.14802564078954697, 0.14788023347723225, 0.14773625389612907, 0.14759367584700014, 0.1474524735348848, 0.14731262157073216, 0.14717409497253026, 0.14703686916593758, 0.14690091998445357, 0.14676622366915018, 0.14663275686798447, 0.14650049663471923, 0.14636942042747228, 0.14623950610691844, 0.14611073193416266, 0.14598307656830714, 0.14585651906373148, 0.14573103886710656, 0.14560661581415762, 0.14548323012619968, 0.14536086240645715, 0.1452394936361882, 0.14511910517063004, 0.14499967873477607, 0.14488119641900524, 0.1447636406745742, 0.1446469943089875, 0.14453124048125746, 0.14441636269706584, 0.14430234480384257, 0.14418917098576484, 0.14407682575869757, 0.14396529396507582, 0.1438545607687436, 0.14374461164975866, 0.1436354323991675, 0.143527009113763, 0.14341932819082878, 0.14331237632288293, 0.1432061404924168, 0.1431006079666496, 0.14299576629229174, 0.1428916032903315, 0.14278810705084302, 0.14268526592782624, 0.14258306853408018, 0.14248150373611163, 0.14238056064909013, 0.1422802286318439, 0.14218049728190524, 0.14208135643060768, 0.14198279613823717, 0.141884806689237, 0.14178737858747614, 0.14169050255157004, 0.141594169510273, 0.14149837059792664, 0.14140309714997606, 0.14130834069855386, 0.14121409296812765, 0.14112034587122008, 0.14102709150419263, 0.1409343221431038, 0.1408420302396334, 0.14075020841707953, 0.1406588494664228, 0.14056794634246592, 0.14047749216003785, 0.14038748019027325, 0.1402979038569604, 0.14020875673295702, 0.14012003253667984, 0.1400317251286606, 0.13994382850817053, 0.13985633680991377, 0.1397692443007923, 0.13968254537672833, 0.13959623455956446, 0.13951030649402166, 0.13942475594472398, 0.13933957779329034, 0.13925476703548564, 0.1391703187784358, 0.13908622823790648, 0.13900249073563922, 0.13891910169674926, 0.13883605664718254, 0.13875335121122953, 0.13867098110909748, 0.1385889421545364, 0.1385072302525243, 0.1384258413970004, 0.13834477166865916, 0.13826401723278978, 0.1381835743371706, 0.13810343931001304, 0.13802360855795426, 0.13794407856409882, 0.13786484588610834, 0.13778590715433464, 0.1377072590700031, 0.13762889840343598, 0.13755082199232196, 0.13747302674002893, 0.13739550961395455, 0.13731826764392374, 0.1372412979206205, 0.13716459759406271, 0.13708816387211237, 0.13701199401902545, 0.13693608535403765, 0.13686043524998398, 0.1367850411319566, 0.13670990047599277, 0.13663501080780088, 0.136560369701513, 0.13648597477847488, 0.1364118237060634, 0.1363379141965343, 0.1362642440059032, 0.13619081093284888, 0.1361176128176504, 0.13604464754114928, 0.1359719130237381, 0.13589940722437585, 0.1358271281396284, 0.13575507380273458]",C0474
14,8,linear,46,200,65.13383169999906,0.2806902860861647,0.05146381519888469,False,"[0.3803294378337871, 0.3795281620077288, 0.3787278164397546, 0.3779285019485596, 0.3771303189118736, 0.37633336716481564, 0.3755377458998244, 0.374743553568364, 0.3739508877846334, 0.3731598452314619, 0.37237052156857586, 0.3715830113434385, 0.37079740790479854, 0.37001380331913364, 0.36923228829011456, 0.36845295208123463, 0.36767588244172295, 0.3669011655358535, 0.36612888587574066, 0.36535912625771283, 0.3645919677023356, 0.3638274893981401, 0.3630657686491033, 0.3623068808259219, 0.36155089932109136, 0.3607978955078147, 0.3600479387027247, 0.35930109613241795, 0.35855743290377645, 0.3578170119780399, 0.35707989414858715, 0.35634613802237525, 0.3556158000049752, 0.35488893428913026, 0.3541655928467646, 0.35344582542435493, 0.35272967954157464, 0.3520172004931113, 0.3513084313535568, 0.3506034129852633, 0.34990218404905077, 0.3492047810176562, 0.3485112381917939, 0.3478215877187258, 0.34713585961319643, 0.34645408178063314, 0.3457762800424568, 0.3451024781634108, 0.34443269788075564, 0.3437669589352191, 0.34310527910357075, 0.34244767423270467, 0.3417941582751044, 0.3411447433255715, 0.34049943965910195, 0.33985825576979456, 0.33922119841068227, 0.3385882726343765, 0.3379594818344156, 0.3373348277872238, 0.3367143106945704, 0.33609792922644505, 0.33548568056425243, 0.3348775604442381, 0.33427356320106627, 0.33367368181146506, 0.33307790793786474, 0.33248623197196114, 0.3318986430781301, 0.33131512923662865, 0.33073567728653697, 0.33016027296835776, 0.32958890096624727, 0.3290215449498123, 0.3284581876154328, 0.3278988107270687, 0.3273433951565131, 0.32679192092304665, 0.3262443672324794, 0.32570071251553, 0.325160934465534, 0.32462501007544337, 0.3240929156741061, 0.3235646269618044, 0.3230401190450337, 0.3225193664705115, 0.3220023432584075, 0.3214890229347774, 0.3209793785632042, 0.3204733827756333, 0.3199710078024027, 0.3194722255014624, 0.3189770073867919, 0.3184853246560027, 0.31799714821714276, 0.3175124487146985, 0.31703119655480005, 0.316553361929642, 0.3160789148411186, 0.31560782512368607, 0.31514006246645926, 0.3146755964345593, 0.31421439648970584, 0.3137564320100883, 0.3133016723095032, 0.3128500866557918, 0.3124016442885726, 0.31195631443629296, 0.3115140663326072, 0.31107486923210076, 0.3106386924253651, 0.31020550525344553, 0.30977527712167113, 0.3093479775128823, 0.308923576000071, 0.3085020422584474, 0.3080833460769489, 0.30766745736919754, 0.30725434618393427, 0.30684398271493085, 0.30643633731040215, 0.30603138048192974, 0.3056290829129072, 0.305229415466526, 0.30483234919331953, 0.304437855338261, 0.3040459053474507, 0.30365647087439235, 0.3032695237858713, 0.3028850361674525, 0.30250298032861095, 0.30212332880749665, 0.30174605437536517, 0.30137113004066024, 0.30099852905278557, 0.3006282249055559, 0.30026019134035814, 0.299894402349007, 0.2995308321763392, 0.2991694553225261, 0.29881024654513283, 0.29845318086092615, 0.2980982335474453, 0.2977453801443402, 0.2973945964544903, 0.29704585854491067, 0.2966991427474516, 0.29635442565931064, 0.29601168414334733, 0.2956708953282286, 0.29533203660839347, 0.2949950856438644, 0.2946600203598909, 0.29432681894645246, 0.2939954598576116, 0.2936659218107391, 0.293338183785602, 0.293012225023329, 0.29268802502526736, 0.2923655635517156, 0.292044820620561, 0.29172577650580916, 0.29140841173602644, 0.29109270709268525, 0.29077864360843025, 0.2904662025652608, 0.29015536549264204, 0.2898461141655417, 0.28953843060240275, 0.28923229706305476, 0.2889276960465636, 0.28862461028903275, 0.2883230227613489, 0.2880229166668832, 0.2877242754391537, 0.28742708273943934, 0.2871313224543626, 0.2868369786934423, 0.28654403578661014, 0.2862524782817029, 0.2859622909419302, 0.28567345874332134, 0.2853859668721487, 0.28509980072234237, 0.28481494589288514, 0.2845313881851938, 0.2842491136004979, 0.2839681083372053, 0.2836883587882637, 0.2834098515385198, 0.2831325733620759, 0.2828565112196487, 0.2825816522559258, 0.2823079837969312, 0.2820354933473917, 0.28176416858811204, 0.28149399737335895, 0.28122496772825295, 0.2809570678461717, 0.2806902860861647]",C0475
14,8,ring,42,200,66.8886824000001,0.3451108035139058,0.025018060323521423,False,"[0.35880947977212097, 0.35873786516895706, 0.35866624078794274, 0.3585946072480732, 0.35852296516823784, 0.35845131516718737, 0.35837965786350984, 0.35830799387560003, 0.3582363238216345, 0.3581646483195423, 0.35809296798697815, 0.3580212834412972, 0.357949595299528, 0.35787790417834475, 0.3578062106940433, 0.3577345154625137, 0.3576628190992163, 0.3575911222191563, 0.35751942543685666, 0.35744772936633623, 0.3573760346210845, 0.3573043418140373, 0.35723265155755257, 0.35716096446338713, 0.35708928114267496, 0.35701760220590023, 0.3569459282628796, 0.3568742599227367, 0.3568025977938804, 0.3567309424839841, 0.35665929459996315, 0.35658765474795434, 0.35651602353329387, 0.35644440156049934, 0.3563727894332455, 0.3563011877543495, 0.35622959712574426, 0.3561580181484659, 0.35608645142263057, 0.356014897547417, 0.3559433571210476, 0.3558718307407695, 0.35580031900284, 0.355728822502503, 0.35565734183397835, 0.3555858775904403, 0.3555144303640015, 0.3554430007456983, 0.3553715893254738, 0.3553001966921598, 0.35522882343346557, 0.35515747013595894, 0.3550861373850533, 0.3550148257649915, 0.3549435358588325, 0.3548722682484372, 0.354801023514455, 0.35472980223630823, 0.35465860499218066, 0.354587432359006, 0.3545162849124511, 0.35444516322690545, 0.3543740678754715, 0.35430299942994814, 0.35423195846082345, 0.354160945537259, 0.3540899612270824, 0.3540190060967744, 0.3539480807114586, 0.3538771856348904, 0.35380632142944846, 0.35373548865612364, 0.3536646878745091, 0.35359391964279085, 0.35352318451773984, 0.35345248305469984, 0.3533818158075827, 0.3533111833288571, 0.353240586169539, 0.35317002487918725, 0.35309950000589196, 0.35302901209626875, 0.3529585616954506, 0.3528881493470802, 0.35281777559330224, 0.3527474409747574, 0.3526771460305754, 0.35260689129836525, 0.3525366773142166, 0.3524665046126824, 0.35239637372677995, 0.35232628518798415, 0.35225623952622037, 0.35218623726985676, 0.3521162789457016, 0.35204636507899645, 0.3519764961934118, 0.35190667281103905, 0.35183689545238794, 0.35176716463637997, 0.35169748088034514, 0.35162784470001485, 0.3515582566095183, 0.3514887171213779, 0.351419226746504, 0.35134978599419187, 0.35128039537211436, 0.35121105538632075, 0.35114176654122964, 0.3510725293396275, 0.3510033442826625, 0.35093421186984003, 0.35086513259902047, 0.3507961069664129, 0.3507271354665741, 0.35065821859240137, 0.3505893568351298, 0.3505205506843301, 0.3504518006279008, 0.35038310715206905, 0.35031447074138283, 0.3502458918787096, 0.35017737104523067, 0.35010890872043926, 0.35004050538213444, 0.3499721615064192, 0.3499038775676957, 0.3498356540386608, 0.349767491390304, 0.34969939009190154, 0.3496313506110125, 0.349563373413477, 0.34949545896341044, 0.34942760772319953, 0.34935982015349826, 0.34929209671322287, 0.3492244378595519, 0.3491568440479153, 0.3490893157319949, 0.3490218533637198, 0.34895445739325986, 0.3488871282690224, 0.34881986643764806, 0.34875267234400426, 0.34868554643118566, 0.34861848914050153, 0.348551500911479, 0.348484582181851, 0.3484177333875582, 0.34835095496273777, 0.3482842473397227, 0.34821761094903453, 0.3481510462193782, 0.348084553577638, 0.34801813344886956, 0.3479517862562976, 0.3478855124213083, 0.347819312363442, 0.34775318650039216, 0.3476871352479945, 0.3476211590202242, 0.3475552582291889, 0.3474894332851212, 0.3474236845963744, 0.3473580125694157, 0.3472924176088184, 0.34722690011725593, 0.34716146049549756, 0.3470960991423975, 0.3470308164548915, 0.34696561282798777, 0.34690048865476086, 0.34683544432634467, 0.34677048023192547, 0.34670559675873214, 0.34664079429203365, 0.3465760732151257, 0.3465114339093272, 0.34644687675397184, 0.3463824021263995, 0.3463180104019479, 0.34625370195394606, 0.34618947715370607, 0.34612533637051357, 0.3460612799716207, 0.3459973083222385, 0.3459334217855262, 0.34586962072258515, 0.3458059054924478, 0.3457422764520733, 0.34567873395633386, 0.3456152783580079, 0.34555191000777297, 0.3454886292541945, 0.3454254364437183, 0.3453623319206608, 0.3452993160271992, 0.34523638910336485, 0.34517355148703127, 0.3451108035139058]",C0476
14,8,ring,43,200,66.97291089999999,0.34316325404792114,0.02410917602701777,False,"[0.3561080051093657, 0.3560396844725057, 0.3559713538926534, 0.3559030140611147, 0.35583466567055894, 0.35576630941496185, 0.3556979459895468, 0.3556295760907258, 0.3555612004160404, 0.3554928196641013, 0.3554244345345335, 0.35535604572791263, 0.3552876539457075, 0.35521925989021985, 0.35515086426452613, 0.3550824677724154, 0.3550140711183337, 0.3549456750073198, 0.35487728014494746, 0.3548088872372669, 0.3547404969907431, 0.35467211011219646, 0.3546037273087443, 0.35453534928773944, 0.3544669767567111, 0.3543986104233056, 0.35433025099522764, 0.35426189918017875, 0.3541935556857997, 0.354125221219611, 0.35405689648895244, 0.3539885822009265, 0.35392027906233886, 0.35385198777963645, 0.3537837090588538, 0.35371544360555196, 0.35364719212476187, 0.3535789553209245, 0.35351073389783494, 0.3534425285585846, 0.35337434000550244, 0.3533061689401012, 0.353238016063018, 0.35316988207395905, 0.3531017676716418, 0.3530336735537442, 0.3529656004168415, 0.3528975489563577, 0.35282951986650773, 0.352761513840242, 0.35269353156919625, 0.35262557374363224, 0.35255764105238885, 0.35248973418282653, 0.3524218538207757, 0.3523540006504843, 0.3522861753545641, 0.35221837861394284, 0.35215061110780976, 0.3520828735135673, 0.3520151665067791, 0.3519474907611216, 0.3518798469483332, 0.35181223573816867, 0.35174465779834546, 0.35167711379450145, 0.35160960439014394, 0.3515421302466038, 0.35147469202298903, 0.3514072903761386, 0.351339925960578, 0.35127259942847283, 0.35120531142958467, 0.3511380626112288, 0.3510708536182297, 0.3510036850928769, 0.350936557674886, 0.3508694720013542, 0.35080242870671974, 0.3507354284227219, 0.3506684717783614, 0.35060155939985893, 0.35053469191061826, 0.35046786993118745, 0.3504010940792193, 0.3503343649694382, 0.35026768321359697, 0.35020104942044983, 0.3501344641957083, 0.35006792814201093, 0.3500014418588883, 0.34993500594272986, 0.3498686209867486, 0.34980228758095155, 0.3497360063121064, 0.34966977776370906, 0.3496036025159559, 0.3495374811457109, 0.3494714142264778, 0.349405402328371, 0.34933944601808636, 0.34927354585887527, 0.3492077024105151, 0.34914191622928603, 0.3490761878679418, 0.34901051787568665, 0.348944906798151, 0.34887935517736457, 0.3488138635517369, 0.34874843245603115, 0.34868306242134384, 0.3486177539750823, 0.34855250764094425, 0.34848732393889614, 0.3484222033851559, 0.3483571464921696, 0.3482921537685972, 0.34822722571929193, 0.3481623628452813, 0.34809756564375555, 0.3480328346080451, 0.34796817022760845, 0.3479035729880168, 0.34783904337093674, 0.3477745818541205, 0.34771018891138866, 0.3476458650126191, 0.3475816106237341, 0.3475174262066893, 0.34745331221946085, 0.3473892691160354, 0.34732529734640105, 0.34726139735653666, 0.3471975695884022, 0.34713381447993086, 0.3470701324650218, 0.34700652397353055, 0.3469429894312644, 0.34687952925997373, 0.3468161438773479, 0.346752833697008, 0.34668959912850356, 0.34662644057730685, 0.3465633584448083, 0.34650035312831573, 0.34643742502104835, 0.34637457451213577, 0.34631180198661476, 0.34624910782542934, 0.34618649240542826, 0.34612395609936364, 0.34606149927589375, 0.345999122299579, 0.34593682553088556, 0.3458746093261869, 0.3458124740377607, 0.345750420013797, 0.3456884475983964, 0.3456265571315729, 0.3455647489492593, 0.3455030233833088, 0.34544138076149916, 0.34537982140753815, 0.34531834564106717, 0.3452569537776665, 0.3451956461288607, 0.34513442300212616, 0.34507328470089377, 0.3450122315245582, 0.34495126376848384, 0.3448903817240137, 0.34482958567847355, 0.3447688759151827, 0.3447082527134608, 0.3446477163486383, 0.34458726709206333, 0.34452690521110974, 0.3444666309691917, 0.34440644462576836, 0.34434634643635487, 0.34428633665253633, 0.34422641552197325, 0.3441665832884168, 0.3441068401917177, 0.3440471864678386, 0.3439876223488653, 0.343928148063019, 0.34386876383466963, 0.3438094698843464, 0.34375026642875167, 0.343691153680774, 0.343632131849502, 0.3435732011402358, 0.3435143617545036, 0.343455613890072, 0.34339695774096285, 0.34333839349746914, 0.3432799213461634, 0.3432215414699186, 0.34316325404792114]",C0477
14,8,ring,44,200,66.81051920000027,0.3968761015466703,0.0259643978078251,False,"[0.41304168319833695, 0.41295302420975677, 0.4128643452975022, 0.4127756482311396, 0.41268693478037827, 0.4125982067148396, 0.4125094658038237, 0.41242071381607776, 0.41233195251956667, 0.41224318368124274, 0.41215440906681583, 0.4120656304405279, 0.4119768495649208, 0.41188806820061424, 0.41179928810607924, 0.4117105110374113, 0.41162173874811125, 0.4115329729888613, 0.41144421550730426, 0.4113554680478254, 0.41126673235133343, 0.4111780101550472, 0.4110893031922744, 0.4110006131922072, 0.4109119418797059, 0.4108232909750883, 0.4107346621939247, 0.41064605724682884, 0.41055747783925917, 0.41046892567130916, 0.41038040243751367, 0.41029190982664726, 0.410203449521529, 0.41011502319882964, 0.4100266325288779, 0.4099382791754732, 0.40984996479569963, 0.40976169103973537, 0.4096734595506775, 0.4095852719643575, 0.40949712990916665, 0.40940903500587794, 0.4093209888674768, 0.4092329930989889, 0.4091450492973154, 0.4090571590510668, 0.4089693239403995, 0.40888154553686046, 0.40879382540322906, 0.40870616509336116, 0.4086185661520417, 0.40853103011483555, 0.4084435585079427, 0.40835615284805227, 0.4082688146422092, 0.40818154538767437, 0.40809434657178917, 0.4080072196718493, 0.4079201661549741, 0.4078331874779817, 0.40774628508726835, 0.40765946041868995, 0.4075727148974435, 0.40748604993795984, 0.40739946694378865, 0.4073129673074926, 0.4072265524105448, 0.4071402236232308, 0.4070539823045448, 0.4069678298021002, 0.40688176745203425, 0.4067957965789237, 0.40670991849569477, 0.406624134503544, 0.40653844589185734, 0.40645285393813213, 0.40636735990790745, 0.4062819650546898, 0.4061966706198879, 0.40611147783274515, 0.4060263879102827, 0.405941402057236, 0.40585652146600254, 0.4057717473165852, 0.4056870807765458, 0.40560252300095756, 0.40551807513235794, 0.4054337383007093, 0.4053495136233603, 0.4052654022050098, 0.4051814051376737, 0.405097523500653, 0.4050137583605093, 0.4049301107710373, 0.40484658177324284, 0.40476317239532517, 0.40467988365265645, 0.4045967165477697, 0.40451367207034844, 0.4044307511972124, 0.4043479548923144, 0.4042652841067357, 0.40418273977868163, 0.40410032283348657, 0.40401803418361115, 0.40393587472865006, 0.40385384535534163, 0.4037719469375713, 0.4036901803363925, 0.40360854640003135, 0.4035270459639108, 0.40344567985066326, 0.40336444887015555, 0.4032833538195081, 0.4032023954831207, 0.4031215746327014, 0.403040892027291, 0.40296034841329664, 0.4028799445245238, 0.40279968108220926, 0.402719558795057, 0.4026395783592792, 0.4025597404586305, 0.40248004576445506, 0.4024004949357253, 0.4023210886190873, 0.4022418274489092, 0.40216271204732534, 0.40208374302428834, 0.4020049209776179, 0.40192624649305536, 0.40184772014431414, 0.40176934249313756, 0.40169111408935176, 0.40161303547092725, 0.40153510716403507, 0.4014573296831072, 0.4013797035308981, 0.4013022291985468, 0.40122490716564124, 0.4011477379002813, 0.4010707218591469, 0.4009938594875623, 0.4009171512195629, 0.40084059747796996, 0.4007641986744509, 0.4006879552095966, 0.40061186747299055, 0.40053593584328057, 0.40046016068825174, 0.40038454236489945, 0.40030908121950587, 0.40023377758771195, 0.40015863179459504, 0.40008364415474545, 0.40000881497234114, 0.3999341445412274, 0.39985963314499334, 0.39978528105705113, 0.39971108854071596, 0.3996370558492825, 0.3995631832261085, 0.3994894709046911, 0.3994159191087513, 0.3993425280523114, 0.39926929793977883, 0.3991962289660269, 0.3991233213164777, 0.39905057516718184, 0.3989779906848999, 0.39890556802719174, 0.39883330734249195, 0.3987612087701949, 0.3986892724407398, 0.3986174984756897, 0.3985458869878197, 0.3984744380811958, 0.398403151851261, 0.39833202838491705, 0.39826106776060727, 0.3981902700484034, 0.3981196353100839, 0.3980491635992213, 0.39797885496126234, 0.39790870943361345, 0.3978387270457221, 0.39776890781916135, 0.3976992517677103, 0.3976297588974372, 0.3975604292067845, 0.3974912626866484, 0.39742225932046055, 0.39735341908427235, 0.3972847419468338, 0.3972162278696791, 0.39714787680720115, 0.3970796887067383, 0.3970116635086542, 0.39694380114641453, 0.3968761015466703]",C0478
14,8,ring,45,20,6.707504699999845,0.16330406375175383,0.0169943203096344,True,"[0.16385111781105563, 0.16382240930374528, 0.16379369058250312, 0.16376496180523653, 0.16373622313017266, 0.16370747471585084, 0.1636787167211133, 0.16364994930510005, 0.16362117262723966, 0.16359238684724223, 0.1635635921250915, 0.16353478862103724, 0.16350597649558749, 0.16347715590950146, 0.16344832702378095, 0.163419489999663, 0.16339064499861203, 0.16336179218231245, 0.16333293171265947, 0.16330406375175383]",C0479
14,8,ring,46,200,67.21031640000001,0.37293688059930125,0.024777010453195608,False,"[0.3858086131336127, 0.3857420285299579, 0.38567545621173027, 0.3856088961988652, 0.38554234851264096, 0.38547581317570073, 0.3854092902120609, 0.38534277964712904, 0.3852762815077207, 0.38520979582206916, 0.385143322619846, 0.3850768619321697, 0.3850104137916249, 0.3849439782322735, 0.38487755528966955, 0.3848111450008737, 0.3847447474044654, 0.3846783625405587, 0.3846119904508149, 0.38454563117845425, 0.3844792847682705, 0.38441295126664465, 0.38434663072155656, 0.3842803231825981, 0.38421402870098603, 0.3841477473295743, 0.38408147912286716, 0.3840152241370282, 0.3839489824298971, 0.3838827540609966, 0.3838165390915499, 0.38375033758448646, 0.3836841496044566, 0.38361797521784435, 0.3835518144927715, 0.38348566749911944, 0.38341953430853076, 0.3833534149944232, 0.38328730963200247, 0.3832212182982686, 0.38315514107202814, 0.3830890780339055, 0.38302302926635, 0.3829569948536481, 0.3828909748819326, 0.38282496943919087, 0.38275897861527375, 0.38269300250190863, 0.38262704119270347, 0.3825610947831595, 0.3824951633706767, 0.3824292470545646, 0.38236334593604887, 0.38229746011828236, 0.38223158970634985, 0.38216573480727833, 0.3820998955300423, 0.3820340719855738, 0.3819682642867678, 0.3819024725484903, 0.3818366968875864, 0.381770937422884, 0.38170519427520283, 0.38163946756736217, 0.38157375742418337, 0.38150806397249964, 0.3814423873411589, 0.38137672766103253, 0.381311085065018, 0.3812454596880478, 0.38117985166709, 0.3811142611411585, 0.381048688251313, 0.38098313314066756, 0.38091759595439323, 0.38085207683972155, 0.3807865759459505, 0.380721093424447, 0.38065562942865167, 0.380590184114081, 0.38052475763833243, 0.38045935016108495, 0.3803939618441042, 0.38032859285124526, 0.3802632433484529, 0.380197913503767, 0.38013260348732025, 0.38006731347134526, 0.38000204363017215, 0.379936794140232, 0.3798715651800571, 0.37980635693028314, 0.3797411695736487, 0.3796760032949959, 0.379610858281273, 0.379545734721531, 0.37948063280692673, 0.3794155527307194, 0.37935049468827425, 0.3792854588770574, 0.3792204454966372, 0.37915545474868395, 0.37909048683696606, 0.37902554196734994, 0.3789606203477967, 0.3788957221883623, 0.3788308477011931, 0.37876599710052344, 0.378701170602675, 0.37863636842604986, 0.3785715907911302, 0.37850683792047385, 0.3784421100387103, 0.3783774073725366, 0.378312730150713, 0.3782480786040585, 0.37818345296544525, 0.3781188534697963, 0.3780542803540753, 0.3779897338572861, 0.3779252142204633, 0.3778607216866668, 0.3777962565009775, 0.37773181891048796, 0.377667409164297, 0.3776030275135026, 0.37753867421119375, 0.37747434951244335, 0.37741005367429975, 0.3773457869557787, 0.3772815496178547, 0.377217341923454, 0.37715316413744226, 0.37708901652661914, 0.3770248993597037, 0.3769608129073304, 0.37689675744203577, 0.37683273323824634, 0.37676874057227205, 0.3767047797222926, 0.37664085096834643, 0.3765769545923216, 0.37651309087794027, 0.37644926011074825, 0.37638546257810607, 0.3763216985691692, 0.37625796837488273, 0.3761942722879624, 0.37613061060288466, 0.376066983615872, 0.3760033916248792, 0.37593983492957644, 0.37587631383133974, 0.3758128286332311, 0.3757493796399872, 0.3756859671580024, 0.37562259149531224, 0.37555925296157794, 0.37549595186807266, 0.37543268852766076, 0.37536946325478426, 0.37530627636544434, 0.3752431281771855, 0.3751800190090737, 0.3751169491816852, 0.37505391901708257, 0.3749909288387987, 0.3749279789718173, 0.3748650697425552, 0.374802201478842, 0.3747393745099004, 0.37467658916632685, 0.37461384578007106, 0.3745511446844155, 0.37448848621395614, 0.3744258707045797, 0.37436329849344346, 0.3743007699189539, 0.37423828532074477, 0.3741758450396549, 0.3741134494177065, 0.3740510987980815, 0.3739887935251011, 0.37392653394420033, 0.37386432040190654, 0.37380215324581406, 0.3737400328245634, 0.3736779594878145, 0.37361593358622336, 0.37355395547141795, 0.3734920254959726, 0.373430144013386, 0.3733683113780499, 0.37330652794523045, 0.37324479407103867, 0.3731831101124049, 0.3731214764270548, 0.3730598933734801, 0.37299836131091346, 0.37293688059930125]",C0480
14,10,linear,42,200,82.33414579999953,0.3078288007386889,0.042314509004545496,False,"[0.36208793373410675, 0.36169976434919404, 0.361312856311943, 0.3609272114909913, 0.36054283171236046, 0.3601597187571999, 0.3597778743594854, 0.35939730020366933, 0.3590179979223101, 0.3586399690936779, 0.35826321523935384, 0.35788773782182776, 0.35751353824210785, 0.3571406178373479, 0.35676897787850465, 0.3563986195680292, 0.3560295440376042, 0.3556617523459324, 0.35529524547658353, 0.35493002433590787, 0.3545660897510242, 0.35420344246788166, 0.35384208314940613, 0.3534820123737398, 0.35312323063256784, 0.3527657383295465, 0.3524095357788325, 0.35205462320371345, 0.3517010007353476, 0.3513486684116155, 0.35099762617608077, 0.35064787387706214, 0.3502994112668268, 0.3499522380008904, 0.3496063536374394, 0.3492617576368664, 0.3489184493614208, 0.34857642807497485, 0.3482356929429019, 0.34789624303207134, 0.3475580773109471, 0.34722119464980394, 0.34688559382104395, 0.34655127349961895, 0.34621823226355836, 0.34588646859459166, 0.3455559808788685, 0.345226767407774, 0.34489882637883057, 0.3445721558966868, 0.34424675397418997, 0.34392261853353545, 0.34359974740749333, 0.34327813834070386, 0.3429577889910424, 0.34263869693104504, 0.34232085964939374, 0.342004274552458, 0.3416889389658885, 0.3413748501362517, 0.34106200523271407, 0.3407504013487607, 0.3404400355039515, 0.3401309046457048, 0.33982300565111156, 0.33951633532877085, 0.3392108904206446, 0.3389066676039271, 0.3386036634929299, 0.3383018746409728, 0.3380012975422782, 0.33770192863387466, 0.33740376429748886, 0.33710680086144273, 0.33681103460253936, 0.3365164617479387, 0.3362230784770213, 0.33593088092323725, 0.33563986517593863, 0.3353500272821881, 0.3350613632485528, 0.3347738690428659, 0.3344875405959691, 0.33420237380342294, 0.3339183645271921, 0.3336355085972941, 0.3333538018134246, 0.3330732399465396, 0.33279381874041086, 0.3325155339131431, 0.3322383811586521, 0.3319623561481126, 0.33168745453135967, 0.33141367193826154, 0.3311410039800449, 0.3308694462505856, 0.3305989943276617, 0.3303296437741609, 0.3300613901392589, 0.3297942289595426, 0.32952815576011224, 0.32926316605563016, 0.3289992553513377, 0.32873641914403173, 0.32847465292300276, 0.32821395217093474, 0.3279543123647731, 0.32769572897654503, 0.3274381974741586, 0.32718171332215357, 0.32692627198242247, 0.3266718689149033, 0.3264184995782295, 0.3261661594303558, 0.32591484392914877, 0.3256645485329469, 0.32541526870109505, 0.3251669998944444, 0.32491973757583026, 0.32467347721052103, 0.32442821426664026, 0.3241839442155657, 0.32394066253230375, 0.32369836469584357, 0.3234570461894833, 0.32321670250114515, 0.3229773291236594, 0.32273892155503897, 0.32250147529873097, 0.3222649858638525, 0.3220294487654103, 0.321794859524507, 0.32156121366852924, 0.3213285067313275, 0.3210967342533776, 0.32086589178193786, 0.3206359748711866, 0.320406979082359, 0.32017889998386745, 0.31995173315141623, 0.3197254741681111, 0.3195001186245557, 0.3192756621189476, 0.31905210025716707, 0.3188294286528561, 0.3186076429275036, 0.31838673871051404, 0.31816671163928456, 0.31794755735927005, 0.3177292715240522, 0.31751184979540603, 0.31729528784336025, 0.31707958134626557, 0.3168647259908538, 0.3166507174723027, 0.3164375514943001, 0.3162252237691078, 0.31601373001762545, 0.31580306596946034, 0.3155932273629939, 0.3153842099454506, 0.3151760094729753, 0.3149686217107019, 0.3147620424328355, 0.3145562674227298, 0.314351292472971, 0.31414711338546236, 0.313943725971514, 0.31374112605193494, 0.3135393094571269, 0.3133382720271851, 0.3131380096119965, 0.31293851807134876, 0.31273979327503515, 0.3125418311029688, 0.31234462744529584, 0.31214817820251567, 0.3119524792856021, 0.31175752661612605, 0.31156331612638655, 0.31136984375953985, 0.3111771054697349, 0.31098509722224854, 0.31079381499362757, 0.3106032547718282, 0.31041341255636434, 0.3102242843584526, 0.31003586620116336, 0.30984815411957195, 0.30966114416091456, 0.3094748323847415, 0.30928921486307753, 0.30910428768057857, 0.30892004693469705, 0.3087364887358377, 0.3085536092075273, 0.3083714044865743, 0.30818987072323917, 0.30800900408139226, 0.3078288007386889]",C0481
14,10,linear,43,200,82.07489340000029,0.3064959950335907,0.04672959845122769,False,"[0.36499486090968775, 0.36461212511315083, 0.36423031287670493, 0.36384943201404213, 0.3634694900339906, 0.36309049413963473, 0.36271245122772994, 0.36233536788840554, 0.3619592504051596, 0.36158410475513597, 0.36120993660969203, 0.36083675133524595, 0.360464553994404, 0.36009334934736165, 0.3597231418535788, 0.3593539356737224, 0.3589857346718666, 0.3586185424179561, 0.35825236219051826, 0.35788719697961924, 0.3575230494900618, 0.3571599221448161, 0.3567978170886725, 0.35643673619211896, 0.35607668105542334, 0.3557176530129235, 0.3553596531375126, 0.3550026822453077, 0.3546467409005029, 0.35429182942039, 0.35393794788054056, 0.3535850961201424, 0.35323327374748015, 0.3528824801455493, 0.35253271447779994, 0.35218397569398974, 0.35183626253615635, 0.35148957354467647, 0.3511439070644206, 0.3507992612509859, 0.3504556340770015, 0.3501130233384927, 0.3497714266612993, 0.34943084150753706, 0.3490912651820938, 0.34875269483915206, 0.3484151274887255, 0.3480785600032087, 0.347742989123923, 0.34740841146765555, 0.3470748235331817, 0.34674222170776164, 0.34641060227361004, 0.34607996141431757, 0.34575029522123285, 0.34542159969978703, 0.3450938707757551, 0.34476710430145474, 0.3444412960618663, 0.3441164417806731, 0.3437925371262169, 0.3434695777173574, 0.3431475591292399, 0.34282647689895235, 0.34250632653108076, 0.3421871035031477, 0.3418688032709353, 0.34155142127368837, 0.3412349529391854, 0.34091939368869056, 0.34060473894176285, 0.34029098412093756, 0.3399781246562643, 0.3396661559897057, 0.33935507357939054, 0.3390448729037243, 0.33873554946535006, 0.338427098794956, 0.33811951645494115, 0.3378127980429218, 0.33750693919508784, 0.33720193558940387, 0.33689778294865846, 0.33659447704335943, 0.33629201369447154, 0.33599038877600246, 0.33568959821743716, 0.3353896380060131, 0.3350905041888522, 0.33479219287493, 0.3344947002369082, 0.33419802251280445, 0.3339021560075275, 0.33360709709425923, 0.33331284221569424, 0.3330193878851414, 0.3327267306874805, 0.3324348672799866, 0.33214379439301805, 0.33185350883057146, 0.3315640074707078, 0.33127528726585087, 0.33098734524296713, 0.3307001785036156, 0.33041378422389045, 0.3301281596542405, 0.32984330211918195, 0.32955920901690433, 0.329275877818768, 0.32899330606870325, 0.32871149138251393, 0.3284304314470803, 0.3281501240194813, 0.3278705669260213, 0.32759175806117985, 0.3273136953864779, 0.3270363769292746, 0.3267598007814833, 0.3264839650982276, 0.3262088680964296, 0.3259345080533361, 0.3256608833049927, 0.32538799224465725, 0.3251158333211729, 0.324844405037286, 0.3245737059479286, 0.32430373465845846, 0.324034489822867, 0.3237659701419502, 0.323498174361459, 0.32323110127021654, 0.3229647496982217, 0.3226991185147267, 0.3224342066263081, 0.32217001297491815, 0.32190653653593265, 0.3216437763161907, 0.321381731352032, 0.32112040070733594, 0.3208597834715588, 0.3205998787577848, 0.3203406857007748, 0.32008220345503696, 0.31982443119290066, 0.31956736810261255, 0.31931101338644746, 0.31905536625883996, 0.31880042594454006, 0.3185461916767881, 0.31829266269552425, 0.3180398382456126, 0.31778771757511154, 0.3175362999335614, 0.3172855845703123, 0.31703557073288413, 0.31678625766536284, 0.31653764460683453, 0.31628973078985384, 0.31604251543895845, 0.31579599776921746, 0.3155501769848242, 0.31530505227773065, 0.3150606228263273, 0.314816887794159, 0.31457384632869445, 0.3143314975601351, 0.3140898406002699, 0.3138488745413751, 0.3136085984551629, 0.31336901139177237, 0.31313011237880944, 0.3128919004204304, 0.3126543744964762, 0.31241753356164853, 0.3121813765447342, 0.31194590234787645, 0.31171110984588996, 0.3114769978856215, 0.31124356528536135, 0.31101081083428905, 0.31077873329197425, 0.31054733138791507, 0.3103166038211221, 0.3100865492597452, 0.30985716634074156, 0.30962845366958863, 0.30940040982003125, 0.3091730333338794, 0.3089463227208338, 0.3087202764583608, 0.3084948929915972, 0.3082701707332986, 0.3080461080638193, 0.30782270333112866, 0.30759995485086467, 0.3073778609064206, 0.30715641974906155, 0.3069356295980728, 0.3067154886409475, 0.3064959950335907]",C0482
14,10,linear,44,200,82.44855110000208,0.346776795972235,0.04587560852326757,False,"[0.4089660414393585, 0.408371656511599, 0.40778439395103605, 0.4072041546538877, 0.4066308381479173, 0.4060643427855742, 0.4055045659288542, 0.40495140412585506, 0.4044047532790889, 0.40386450880560515, 0.40333056578902965, 0.4028028191236319, 0.4022811636505728, 0.401765494286495, 0.40125570614462536, 0.4007516946485928, 0.4002533556391605, 0.3997605854740854, 0.39927328112132665, 0.398791340245832, 0.39831466129012355, 0.3978431435489337, 0.3973766872381031, 0.3969151935579904, 0.39645856475162533, 0.39600670415782535, 0.3955595162595216, 0.39511690672749983, 0.394678782459797, 0.3942450516169457, 0.3938156236533024, 0.3933904093446471, 0.39296932081225827, 0.3925522715436603, 0.39213917641022566, 0.3917299516818188, 0.3913245150386449, 0.39092278558048477, 0.3905246838334683, 0.39013013175454275, 0.38973905273378945, 0.3893513715947197, 0.3889670145927024, 0.3885859094116331, 0.38820798515898647, 0.38783317235935805, 0.3874614029466142, 0.38709261025474967, 0.3867267290075622, 0.3863636953072334, 0.38600344662191405, 0.38564592177238616, 0.38529106091790694, 0.3849388055412784, 0.3845890984332542, 0.3842418836763151, 0.3838971066279068, 0.3835547139031786, 0.3832146533572995, 0.3828768740673872, 0.38254132631411725, 0.38220796156304687, 0.38187673244570147, 0.3815475927404732, 0.3812204973533521, 0.3808954022985513, 0.38057226467903477, 0.38025104266699483, 0.37993169548430644, 0.3796141833829787, 0.37929846762563824, 0.37898451046605836, 0.37867227512976775, 0.37836172579474253, 0.3780528275722147, 0.3777455464876064, 0.3774398494616105, 0.37713570429142446, 0.37683307963215446, 0.3765319449784116, 0.376232270646085, 0.3759340277543371, 0.3756371882077912, 0.3753417246789589, 0.3750476105908774, 0.37475482009999267, 0.37446332807927074, 0.3741731101015636, 0.37388414242321477, 0.373596401967919, 0.37330986631083624, 0.37302451366296674, 0.3727403228557727, 0.37245727332607703, 0.3721753451012097, 0.371894518784423, 0.37161477554056954, 0.3713360970820346, 0.3710584656549446, 0.37078186402561947, 0.37050627546730025, 0.37023168374712867, 0.3699580731133806, 0.36968542828296597, 0.3694137344291692, 0.36914297716965316, 0.3688731425547065, 0.3686042170557369, 0.3683361875540143, 0.3680690413296519, 0.3678027660508252, 0.3675373497632296, 0.36727278087977283, 0.36700904817049074, 0.36674614075269973, 0.36648404808135904, 0.3662227599396692, 0.3659622664298746, 0.3657025579642876, 0.3654436252565156, 0.36518545931290286, 0.3649280514241691, 0.3646713931572506, 0.3644154763473359, 0.3641602930900981, 0.36390583573410895, 0.3636520968734446, 0.36339906934047345, 0.3631467461988174, 0.36289512073649327, 0.36264418645922497, 0.36239393708392026, 0.3621443665323173, 0.36189546892478697, 0.3616472385742996, 0.36139966998053985, 0.3611527578241786, 0.36090649696128735, 0.36066088241790134, 0.3604159093847242, 0.36017157321196575, 0.35992786940432436, 0.359684793616091, 0.35944234164639155, 0.3592005094345491, 0.35895929305557217, 0.35871868871576146, 0.35847869274843813, 0.3582393016097821, 0.35800051187478266, 0.35776232023330223, 0.3575247234862417, 0.35728771854181407, 0.3570513024119161, 0.3568154722086003, 0.3565802251406424, 0.356345558510205, 0.35611146970958935, 0.35587795621808105, 0.3556450155988764, 0.3554126454961006, 0.35518084363190455, 0.3549496078036403, 0.35471893588112124, 0.35448882580395397, 0.35425927557894343, 0.3540302832775763, 0.3538018470335698, 0.35357396504049154, 0.3533466355494471, 0.3531198568668295, 0.35289362735213825, 0.3526679454158533, 0.3524428095173743, 0.3522182181630189, 0.3519941699040743, 0.35177066333490553, 0.35154769709112366, 0.3513252698477978, 0.351103380317727, 0.3508820272497553, 0.35066120942714135, 0.35044092566597157, 0.3502211748136207, 0.3500019557472623, 0.3497832673724111, 0.3495651086215249, 0.34934747845263076, 0.3491303758480096, 0.3489137998129014, 0.3486977493742656, 0.3484822235795725, 0.3482672214956259, 0.3480527422074333, 0.3478387848170996, 0.347625348442764, 0.3474124322175595, 0.3472000352886191, 0.3469881568160965, 0.346776795972235]",C0483
14,10,linear,45,200,82.30600969999796,0.1432395993512028,0.024536928588728416,False,"[0.15954582435601594, 0.1594333094846822, 0.15932116922557693, 0.15920940386654991, 0.1590980136448584, 0.15898699874780062, 0.15887635931336036, 0.1587660954308572, 0.15865620714160447, 0.15854669443957622, 0.15843755727207776, 0.15832879554042428, 0.15822040910062646, 0.15811239776407654, 0.1580047612982447, 0.15789749942737563, 0.1577906118331906, 0.15768409815559242, 0.15757795799337468, 0.1574721909049294, 0.1573667964089638, 0.157261773985212, 0.15715712307514984, 0.1570528430827151, 0.15694893337502044, 0.15684539328307437, 0.15674222210249497, 0.15663941909422857, 0.15653698348526507, 0.15643491446935126, 0.1563332112077047, 0.15623187282972406, 0.15613089843369785, 0.15603028708751013, 0.15593003782934528, 0.1558301496683875, 0.15573062158551743, 0.1556314525340055, 0.15553264144020282, 0.15543418720422514, 0.1553360887006346, 0.1552383447791164, 0.15514095426514982, 0.15504391596067574, 0.15494722864475774, 0.15485089107423847, 0.15475490198439015, 0.1546592600895589, 0.154563964083805, 0.1544690126415337, 0.1543744044181233, 0.15428013805054483, 0.15418621215797593, 0.15409262534240722, 0.1539993761892439, 0.15390646326789703, 0.15381388513237176, 0.15372164032184596, 0.15362972736124206, 0.15353814476179267, 0.15344689102159598, 0.15335596462616988, 0.15326536404898944, 0.1531750877520254, 0.15308513418627095, 0.15299550179226076, 0.15290618900058361, 0.1528171942323861, 0.15272851589987038, 0.1526401524067815, 0.15255210214888928, 0.1524643635144615, 0.15237693488472817, 0.1522898146343404, 0.15220300113181878, 0.15211649273999622, 0.15203028781645095, 0.15194438471393296, 0.15185878178078202, 0.15177347736133925, 0.1516884697963486, 0.1516037574233521, 0.15151933857707775, 0.1514352115898186, 0.15135137479180497, 0.15126782651156825, 0.1511845650762984, 0.15110158881219296, 0.15101889604479957, 0.15093648509934837, 0.1508543543010821, 0.15077250197557296, 0.15069092644903617, 0.1506096260486371, 0.1505285991027863, 0.15044784394143274, 0.15036735889634809, 0.15028714230140222, 0.15020719249283623, 0.1501275078095225, 0.1500480865932252, 0.14996892718884872, 0.1498900279446813, 0.1498113872126325, 0.14973300334846382, 0.14965487471201405, 0.14957699966741608, 0.1494993765833096, 0.14942200383304796, 0.14934487979489597, 0.1492680028522257, 0.1491913713937044, 0.1491149838134751, 0.1490388385113368, 0.14896293389291143, 0.1488872683698124, 0.1488118403598039, 0.14873664828695513, 0.1486616905817903, 0.14858696568143287, 0.14851247202974532, 0.14843820807746244, 0.14836417228232127, 0.14829036310918514, 0.14821677903016375, 0.14814341852472748, 0.14807028007981948, 0.14799736218995882, 0.1479246633573447, 0.1478521820919516, 0.14777991691162332, 0.14770786634216101, 0.14763602891740704, 0.14756440317932776, 0.1474929876780875, 0.14742178097212236, 0.14735078162820886, 0.14727998822152996, 0.1472093993357351, 0.1471390135629993, 0.14706882950407651, 0.14699884576835204, 0.14692906097388972, 0.14685947374747518, 0.14679008272465838, 0.14672088654979137, 0.14665188387606345, 0.14658307336553275, 0.14651445368915586, 0.1464460235268137, 0.14637778156733508, 0.146309726508518, 0.14624185705714715, 0.1461741719290097, 0.14610666984890783, 0.1460393495506708, 0.14597220977716144, 0.145905249280282, 0.1458384668209798, 0.1457718611692458, 0.14570543110411574, 0.14563917541366597, 0.14557309289500972, 0.1455071823542893, 0.14544144260666633, 0.14537587247631417, 0.14531047079640141, 0.14524523640908032, 0.14518016816546875, 0.14511526492563456, 0.14505052555857442, 0.14498594894219424, 0.1449215339632847, 0.14485727951750027, 0.1447931845093308, 0.14472924785207694, 0.14466546846782183, 0.14460184528740014, 0.144538377250369, 0.14447506330497523, 0.14441190240812343, 0.14434889352534097, 0.1442860356307427, 0.14422332770699517, 0.1441607687452792, 0.1440983577452511, 0.14403609371500492, 0.14397397567102965, 0.14391200263817197, 0.14385017364959127, 0.14378848774671898, 0.14372694397921343, 0.14366554140491838, 0.14360427908981613, 0.1435431561079817, 0.14348217154153972, 0.1434213244806144, 0.14336061402328398, 0.14330003927553264, 0.1432395993512028]",C0484
14,10,linear,46,200,82.09409210000013,0.3061202606858714,0.04692267493535048,False,"[0.379428060994161, 0.37885334190589176, 0.3782801567884852, 0.37770854317569896, 0.37713853844619344, 0.3765701797824477, 0.37600350413010925, 0.37543854815783373, 0.37487534821770085, 0.37431394030627535, 0.37375436002639345, 0.3731966425497215, 0.3726408225801815, 0.37208693431828704, 0.3715350114264568, 0.37098508699536653, 0.37043719351139553, 0.3698913628252046, 0.3693476261215256, 0.36880601389016665, 0.36826655589831436, 0.3677292811641389, 0.36719421793175944, 0.3666613936475862, 0.3661308349380734, 0.3656025675888996, 0.36507661652560414, 0.364553005795683, 0.36403175855216585, 0.3635128970386754, 0.3629964425759793, 0.3624824155500262, 0.3619708354014701, 0.36146172061667603, 0.3609550887201914, 0.3604509562686746, 0.35994933884626235, 0.35945025106135675, 0.3589537065448044, 0.35845971794945675, 0.3579682969510631, 0.3574794542504797, 0.356993199577159, 0.356509541693883, 0.3560284884026997, 0.35555004655203326, 0.35507422204491496, 0.3546010198483015, 0.35413044400343724, 0.35366249763720425, 0.35319718297442965, 0.352734501351094, 0.3522744532283916, 0.35181703820760385, 0.3513622550457277, 0.3509101016718149, 0.3504605752039754, 0.350013671966988, 0.3495693875104819, 0.34912771662762776, 0.3486886533743009, 0.34825219108866273, 0.3478183224111196, 0.34738703930460196, 0.3469583330751382, 0.3465321943926568, 0.3461086133119929, 0.34568757929404154, 0.34526908122703226, 0.34485310744786923, 0.34443964576351593, 0.34402868347237275, 0.34362020738561877, 0.34321420384848894, 0.3428106587614398, 0.34240955760118846, 0.342010885441586, 0.341614626974296, 0.341220766529261, 0.3408292880949249, 0.34044017533818344, 0.3400534116240557, 0.33966898003503715, 0.33928686339013653, 0.3389070442635545, 0.33852950500301493, 0.33815422774770937, 0.3377811944458594, 0.33741038687187574, 0.3370417866431067, 0.3366753752361655, 0.33631113400283164, 0.33594904418551325, 0.3355890869322687, 0.33523124331138804, 0.33487549432551866, 0.3345218209253442, 0.33417020402280767, 0.33382062450388245, 0.33347306324089215, 0.3331275011043748, 0.33278391897450127, 0.3324422977520435, 0.33210261836890403, 0.33176486179819803, 0.33142900906391126, 0.33109504125012224, 0.3307629395098006, 0.3304326850731936, 0.3301042592558004, 0.32977764346594096, 0.329452819211935, 0.3291297681088894, 0.3288084718851096, 0.3284889123881417, 0.3281710715904489, 0.32785493159473905, 0.3275404746389469, 0.32722768310088945, 0.3269165395025806, 0.32660702651424967, 0.32629912695804153, 0.32599282381142575, 0.325688100210319, 0.3253849394519291, 0.32508332499733406, 0.3247832404738032, 0.32448466967686773, 0.3241875965721544, 0.3238920052969907, 0.32359788016178925, 0.32330520565121673, 0.32301396642516506, 0.32272414731953075, 0.32243573334680237, 0.3221487096964763, 0.3218630617353046, 0.32157877500738064, 0.32129583523407057, 0.3210142283138081, 0.32073394032174224, 0.3204549575092624, 0.32017726630339804, 0.31990085330610496, 0.31962570529343787, 0.31935180921462714, 0.3190791521910529, 0.3188077215151375, 0.3185375046491426, 0.31826848922389883, 0.3180006630374557, 0.31773401405366536, 0.3174685304007085, 0.31720420036955294, 0.3169410124123685, 0.3166789551408889, 0.3164180173247309, 0.3161581878896721, 0.31589945591589375, 0.31564181063618957, 0.31538524143415014, 0.3151297378423168, 0.31487528954031596, 0.31462188635297306, 0.3143695182484133, 0.31411817533614755, 0.3138678478651443, 0.3136185262219011, 0.3133702009285005, 0.313122862640673, 0.3128765021458494, 0.3126311103612182, 0.31238667833178574, 0.31214319722843664, 0.31190065834600894, 0.3116590531013616, 0.311418373031465, 0.3111786097914943, 0.31093975515293676, 0.310701801001706, 0.31046473933627944, 0.31022856226583934, 0.30999326200843713, 0.30975883088917117, 0.3095252613383793, 0.30929254588985355, 0.3090606771790658, 0.30882964794142176, 0.3085994510105266, 0.308370079316472, 0.3081415258841456, 0.307913783831559, 0.30768684636819665, 0.3074607067933856, 0.3072353584946894, 0.3070107949463172, 0.3067870097075606, 0.3065639964212505, 0.3063417488122327, 0.3061202606858714]",C0485
14,10,ring,42,200,84.04384140000184,0.34105653063826574,0.0253424058705298,False,"[0.35600342944508784, 0.35592161167540703, 0.3558398048814618, 0.35575801006864655, 0.3556762282429853, 0.3555944604110232, 0.35551270757972014, 0.35543097075634933, 0.3553492509483903, 0.3552675491634228, 0.3551858664090233, 0.3551042036926572, 0.3550225620215754, 0.3549409424027085, 0.3548593458425606, 0.35477777334710414, 0.3546962259216756, 0.3546147045708685, 0.3545332102984319, 0.3544517441071604, 0.354370306998795, 0.3542888999739156, 0.3542075240318366, 0.35412618017050507, 0.35404486938639623, 0.3539635926744089, 0.353882351027767, 0.3538011454379113, 0.3537199768944014, 0.353638846384813, 0.35355775489463676, 0.3534767034071789, 0.35339569290345885, 0.3533147243621113, 0.3532337987592866, 0.35315291706855284, 0.35307208026079856, 0.3529912893041331, 0.35291054516379333, 0.3528298488020463, 0.35274920117809444, 0.35266860324797966, 0.3525880559644932, 0.35250756027707925, 0.3524271171317458, 0.3523467274709707, 0.3522663922336143, 0.3521861123548263, 0.3521058887659613, 0.35202572239448754, 0.35194561416390224, 0.3518655649936456, 0.3517855757990134, 0.3517056474910764, 0.3516257809765965, 0.3515459771579435, 0.3514662369330151, 0.35138656119515693, 0.3513069508330841, 0.3512274067308036, 0.35114792976753734, 0.3510685208176456, 0.35098918075055535, 0.3509099104306834, 0.35083071071736877, 0.3507515824647971, 0.35067252652193365, 0.35059354373245516, 0.3505146349346811, 0.35043580096150706, 0.3503570426403413, 0.3502783607930417, 0.35019975623585026, 0.35012122977933385, 0.35004278222832585, 0.3499644143818636, 0.3498861270331358, 0.34980792096942104, 0.3497297969720376, 0.3496517558162878, 0.3495737982714057, 0.34949592510050714, 0.34941813706053837, 0.349340434902231, 0.34926281937005127, 0.3491852912021577, 0.349107851130354, 0.34903049988004914, 0.3489532381702121, 0.34887606671333454, 0.34879898621539135, 0.3487219973758022, 0.34864510088739503, 0.348568297436373, 0.34849158770227806, 0.34841497235796154, 0.3483384520695515, 0.34826202749642354, 0.34818569929117216, 0.34810946809958637, 0.3480333345606188, 0.3479572993063676, 0.3478813629620478, 0.3478055261459757, 0.3477297894695418, 0.3476541535371979, 0.34757861894643466, 0.3475031862877689, 0.34742785614472477, 0.34735262909382386, 0.3472775057045689, 0.3472024865394346, 0.3471275721538577, 0.34705276309622574, 0.3469780599078734, 0.34690346312307146, 0.3468289732690265, 0.34675459086587296, 0.3466803164266718, 0.34660615045741017, 0.3465320934569997, 0.34645814591727736, 0.3463843083230076, 0.3463105811518868, 0.3462369648745436, 0.34616345995454934, 0.3460900668484217, 0.3460167860056332, 0.34594361786861694, 0.3458705628727829, 0.3457976214465205, 0.3457247940112179, 0.345652080981271, 0.34557948276409667, 0.3455069997601499, 0.3454346323629398, 0.3453623809590441, 0.3452902459281301, 0.3452182276429706, 0.3451463264694668, 0.34507454276666377, 0.34500287688677983, 0.3449313291752212, 0.34485989997061084, 0.34478858960480957, 0.3447173984029441, 0.3446463266834284, 0.3445753747579949, 0.34450454293172056, 0.34443383150305334, 0.3443632407638445, 0.34429277099937483, 0.3442224224883884, 0.3441521955031227, 0.34408209030934017, 0.3440121071663616, 0.34394224632709763, 0.3438725080380863, 0.3438028925395232, 0.3437334000653027, 0.3436640308430465, 0.34359478509414637, 0.34352566303379894, 0.34345666487104026, 0.3433877908087913, 0.34331904104388894, 0.3432504157671297, 0.3431819151633078, 0.34311353941125633, 0.34304528868388695, 0.34297716314823107, 0.342909162965483, 0.3428412882910398, 0.34277353927454424, 0.342705916059928, 0.34263841878545526, 0.34257104758376505, 0.34250380258191615, 0.34243668390142984, 0.34236969165833603, 0.3423028259632162, 0.342236086921251, 0.34216947463226316, 0.34210298919076493, 0.3420366306860016, 0.3419703992020001, 0.341904294817614, 0.3418383176065696, 0.34177246763751373, 0.34170674497405995, 0.3416411496748351, 0.34157568179352743, 0.3415103413789327, 0.34144512847500297, 0.3413800431208926, 0.3413150853510075, 0.34125025519505015, 0.3411855526780723, 0.34112097782051565, 0.34105653063826574]",C0486
14,10,ring,43,200,84.0288013999998,0.34540297789466395,0.023273503574083896,False,"[0.35632546526312747, 0.3562694364497275, 0.35621342259490524, 0.3561574236710522, 0.35610143964990426, 0.3560454705025443, 0.3559895161994082, 0.35593357671028364, 0.35587765200431953, 0.3558217420500255, 0.355765846815276, 0.35570996626731516, 0.35565410037275863, 0.3555982490975976, 0.3555424124072017, 0.3554865902663237, 0.35543078263910033, 0.3553749894890581, 0.35531921077911405, 0.3552634464715815, 0.355207696528172, 0.35515196090999807, 0.3550962395775765, 0.35504053249083345, 0.354984839609104, 0.3549291608911401, 0.3548734962951082, 0.35481784577859743, 0.354762209298619, 0.35470658681161277, 0.3546509782734467, 0.3545953836394236, 0.3545398028642807, 0.3544842359021977, 0.35442868270679406, 0.35437314323113683, 0.35431761742774176, 0.35426210524857815, 0.3542066066450696, 0.35415112156809975, 0.3540956499680145, 0.3540401917946255, 0.3539847469972129, 0.35392931552453105, 0.35387389732480845, 0.3538184923457545, 0.35376310053456167, 0.3537077218379071, 0.35365235620196017, 0.3535970035723844, 0.3535416638943389, 0.3534863371124858, 0.3534310231709911, 0.353375722013531, 0.3533204335832934, 0.3532651578229843, 0.3532098946748285, 0.3531546440805772, 0.3530994059815109, 0.3530441803184418, 0.35298896703172067, 0.35293376606124005, 0.3528785773464377, 0.3528234008263035, 0.352768236439381, 0.35271308412377406, 0.3526579438171522, 0.35260281545675204, 0.35254769897938615, 0.3524925943214451, 0.35243750141890307, 0.35238242020732524, 0.3523273506218686, 0.35227229259729176, 0.3522172460679572, 0.35216221096783806, 0.35210718723052264, 0.35205217478922224, 0.3519971735767742, 0.35194218352564943, 0.35188720456795786, 0.351832236635454, 0.35177727965954364, 0.35172233357129107, 0.35166739830142246, 0.3516124737803354, 0.351557559938104, 0.351502656704485, 0.35144776400892586, 0.3513928817805706, 0.3513380099482675, 0.35128314844057584, 0.3512282971857723, 0.35117345611186096, 0.3511186251465766, 0.3510638042173951, 0.3510089932515417, 0.35095419217599605, 0.3508994009175021, 0.3508446194025772, 0.35078984755751497, 0.35073508530840025, 0.3506803325811138, 0.35062558930134047, 0.3505708553945803, 0.35051613078615407, 0.3504614154012148, 0.35040670916475575, 0.3503520120016188, 0.3502973238365049, 0.3502426445939825, 0.35018797419849806, 0.35013331257438474, 0.3500786596458713, 0.35002401533709504, 0.3499693795721076, 0.34991475227488883, 0.3498601333693542, 0.3498055227793679, 0.34975092042874945, 0.34969632624128855, 0.34964174014075267, 0.3495871620509, 0.3495325918954884, 0.3494780295982874, 0.34942347508309135, 0.34936892827372673, 0.3493143890940673, 0.34925985746804356, 0.3492053333196544, 0.34915081657298147, 0.34909630715219725, 0.3490418049815804, 0.34898730998552524, 0.34893282208855714, 0.34887834121534184, 0.3488238672906999, 0.3487694002396183, 0.3487149399872645, 0.3486604864589971, 0.3486060395803817, 0.3485515992772009, 0.34849716547547044, 0.3484427381014504, 0.34838831708165874, 0.34833390234288636, 0.34827949381220885, 0.34822509141700236, 0.3481706950849545, 0.34811630474408134, 0.34806192032273914, 0.3480075417496395, 0.34795316895386347, 0.3478988018648761, 0.3478444404125403, 0.34779008452713145, 0.34773573413935216, 0.34768138918034713, 0.34762704958171675, 0.34757271527553435, 0.34751838619435865, 0.34746406227125004, 0.3474097434397848, 0.3473554296340716, 0.3473011207887652, 0.3472468168390833, 0.34719251772081966, 0.34713822337036326, 0.34708393372470947, 0.34702964872147785, 0.3469753682989289, 0.3469210923959771, 0.3468668209522085, 0.3468125539078965, 0.34675829120401674, 0.34670403278226214, 0.3466497785850624, 0.3465955285555967, 0.34654128263781114, 0.34648704077643283, 0.34643280291699036, 0.3463785690058243, 0.34632433899010934, 0.3462701128178641, 0.34621589043797346, 0.3461616718002003, 0.34610745685520455, 0.3460532455545574, 0.3459990378507599, 0.34594483369725626, 0.3458906330484536, 0.34583643585973595, 0.3457822420874808, 0.3457280516890769, 0.34567386462293825, 0.3456196808485235, 0.3455655003263481, 0.3455113230180055, 0.3454571488861801, 0.34540297789466395]",C0487
14,10,ring,44,200,83.97975460000089,0.39382175876878467,0.026763446103978336,False,"[0.41069983147417055, 0.41060603327232353, 0.4105122808825256, 0.410418574976327, 0.4103249162265755, 0.41023130530742247, 0.4101377428943258, 0.410044229664051, 0.4099507662946746, 0.40985735346557906, 0.4097639918574574, 0.40967068215230756, 0.40957742503343164, 0.4094842211854308, 0.40939107129420005, 0.40929797604692464, 0.4092049361320698, 0.40911195223937546, 0.4090190250598457, 0.40892615528573967, 0.408833343610559, 0.4087405907290385, 0.40864789733712875, 0.4085552641319853, 0.40846269181195183, 0.40837018107654516, 0.40827773262643363, 0.4081853471634248, 0.4080930253904401, 0.4080007680114968, 0.4079085757316848, 0.40781644925714705, 0.4077243892950492, 0.40763239655356226, 0.4075404717418289, 0.4074486155699427, 0.40735682874891405, 0.40726511199064486, 0.40717346600789633, 0.40708189151425633, 0.4069903892241114, 0.4068989598526055, 0.4068076041156123, 0.4067163227296957, 0.4066251164120732, 0.4065339858805791, 0.4064429318536255, 0.406351955050161, 0.40626105618963165, 0.40617023599193675, 0.40607949517738867, 0.4059888344666672, 0.40589825458077483, 0.4058077562409908, 0.40571734016882377, 0.40562700708596783, 0.40553675771424885, 0.405446592775576, 0.4053565129918958, 0.4052665190851343, 0.4051766117771485, 0.4050867917896735, 0.40499705984426937, 0.4049074166622613, 0.40481786296469197, 0.4047283994722571, 0.40463902690525594, 0.404549745983528, 0.4044605574263977, 0.40437146195261126, 0.4042824602802835, 0.40419355312682886, 0.40410474120890705, 0.4040160252423582, 0.40392740594213883, 0.40383888402226203, 0.403750460195731, 0.4036621351744764, 0.40357390966929046, 0.4034857843897632, 0.4033977600442138, 0.40330983733962666, 0.40322201698158366, 0.40313429967419795, 0.4030466861200456, 0.40295917702009637, 0.4028717730736465, 0.4027844749782517, 0.4026972834296546, 0.4026101991217188, 0.40252322274635777, 0.4024363549934628, 0.4023495965508382, 0.4022629481041266, 0.4021764103367392, 0.4020899839297881, 0.40200366956201067, 0.401917467909704, 0.40183137964665094, 0.4017454054440491, 0.40165954597044096, 0.4015738018916432, 0.4014881738706736, 0.40140266256768314, 0.4013172686398817, 0.4012319927414719, 0.4011468355235742, 0.40106179763415784, 0.4009768797179708, 0.40089208241647073, 0.40080740636775175, 0.40072285220647913, 0.4006384205638166, 0.4005541120673575, 0.4004699273410579, 0.400385867005166, 0.4003019316761546, 0.40021812196665457, 0.4001344384853853, 0.4000508818370901, 0.3999674526224667, 0.39988415143810485, 0.39980097887641775, 0.39971793552557866, 0.39963502196945383, 0.39955223878754426, 0.399469586554915, 0.3993870658421382, 0.39930467721522717, 0.3992224212355776, 0.3991402984599039, 0.39905830944018145, 0.3989764547235861, 0.39889473485243465, 0.3988131503641287, 0.3987317017910936, 0.3986503896607273, 0.39856921449534044, 0.3984881768121012, 0.39840727712298435, 0.398326515934715, 0.3982458937487182, 0.398165411061066, 0.3980850683624257, 0.3980048661380136, 0.3979248048675429, 0.39784488502517623, 0.3977651070794805, 0.39768547149337935, 0.3976059787241068, 0.3975266292231652, 0.3974474234362827, 0.3973683618033688, 0.39728944475847416, 0.3972106727297509, 0.3971320461394134, 0.3970535654037017, 0.39697523093284026, 0.39689704313100727, 0.3968190023962979, 0.39674110912068766, 0.39666336369000643, 0.3965857664838997, 0.39650831787580243, 0.39643101823290927, 0.3963538679161466, 0.39627686728014316, 0.3962000166732073, 0.39612331643729914, 0.396046766908012, 0.395970368414542, 0.3958941212796743, 0.395818025819759, 0.39574208234469416, 0.3956662911579043, 0.3955906525563277, 0.3955151668303998, 0.39543983426403745, 0.3953646551346263, 0.39528962971301046, 0.39521475826347796, 0.39514004104375494, 0.39506547830499367, 0.3949910702917695, 0.39491681724206845, 0.394842719387286, 0.3947687769522249, 0.3946949901550874, 0.394621359207478, 0.39454788431439913, 0.3944745656742538, 0.3944014034788478, 0.3943283979133911, 0.39425554915650324, 0.394182857380218, 0.3941103227499859, 0.3940379454246881, 0.39396572555663895, 0.3938936632915991, 0.39382175876878467]",C0488
14,10,ring,45,20,8.473608700001932,0.15980106891665685,0.01893349181408928,True,"[0.1604859780210084, 0.16044976950072568, 0.16041357818543972, 0.16037740419092159, 0.16034124763256877, 0.16030510862540534, 0.16026898728408065, 0.16023288372286812, 0.16019679805566575, 0.16016073039599302, 0.1601246808569925, 0.16008864955142812, 0.16005263659168303, 0.16001664208976188, 0.15998066615728712, 0.15994470890550022, 0.15990877044525956, 0.15987285088704156, 0.15983695034093806, 0.15980106891665685]",C0489
14,10,ring,46,200,83.874739400002,0.37230578159120276,0.025461004932605176,False,"[0.386030606461655, 0.3859576476430994, 0.3858847343343942, 0.3858118664281519, 0.3857390438157336, 0.38566626638730384, 0.3855935340318908, 0.3855208466374389, 0.38544820409086744, 0.38537560627812795, 0.3853030530842572, 0.3852305443934341, 0.3851580800890385, 0.3850856600537024, 0.38501328416936886, 0.3849409523173449, 0.384868664378358, 0.384796420232611, 0.38472421975983595, 0.3846520628393489, 0.3845799493501031, 0.384507879170746, 0.3844358521796699, 0.3843638682550658, 0.38429192727497924, 0.3842200291173595, 0.3841481736601154, 0.38407636078116475, 0.38400459035849005, 0.38393286227018747, 0.3838611763945193, 0.3837895326099644, 0.38371793079527156, 0.3836463708295051, 0.38357485259210206, 0.38350337596291467, 0.3834319408222657, 0.38336054705099387, 0.3832891945305047, 0.38321788314281857, 0.3831466127706172, 0.3830753832972939, 0.38300419460699875, 0.38293304658468647, 0.38286193911616356, 0.38279087208813134, 0.3827198453882356, 0.3826488589051099, 0.38257791252841866, 0.3825070061489058, 0.3824361396584347, 0.382365312950033, 0.38229452591793667, 0.3822237784576316, 0.382153070465896, 0.3820824018408405, 0.3820117724819535, 0.3819411822901367, 0.38187063116774883, 0.38180011901864447, 0.38172964574821344, 0.3816592112634187, 0.3815888154728347, 0.3815184582866874, 0.3814481396168886, 0.38137785937707375, 0.3813076174826384, 0.38123741385077403, 0.38116724840050314, 0.3810971210527122, 0.38102703173018915, 0.3809569803576526, 0.3808869668617887, 0.38081699117128176, 0.38074705321684643, 0.38067715293125876, 0.38060729024938766, 0.38053746510822367, 0.3804676774469106, 0.38039792720677434, 0.3803282143313477, 0.38025853876640425, 0.38018890045998194, 0.3801192993624093, 0.3800497354263343, 0.37998020860674864, 0.3799107188610117, 0.3798412661488758, 0.379771850432512, 0.37970247167652943, 0.379633129848, 0.3795638249164823, 0.3794945568540381, 0.37942532563525916, 0.3793561312372819, 0.37928697363980995, 0.3792178528251335, 0.3791487687781463, 0.37907972148636393, 0.3790107109399394, 0.3789417371316829, 0.3788728000570754, 0.3788038997142843, 0.3787350361041772, 0.3786662092303378, 0.37859741909907957, 0.3785286657194555, 0.3784599491032722, 0.37839126926510175, 0.3783226262222928, 0.3782540199949805, 0.3781854506060934, 0.37811691808136855, 0.37804842244935266, 0.3779799637414173, 0.37791154199175997, 0.3778431572374133, 0.37777480951825154, 0.3777064988769941, 0.37763822535921127, 0.3775699890133294, 0.37750178989063127, 0.37743362804526226, 0.3773655035342301, 0.37729741641740683, 0.3772293667575326, 0.37716135462021017, 0.37709338007391185, 0.3770254431899729, 0.37695754404259335, 0.3768896827088321, 0.3768218592686101, 0.37675407380470327, 0.37668632640273775, 0.37661861715118744, 0.376550946141369, 0.3764833134674346, 0.37641571922636824, 0.37634816351797484, 0.37628064644487774, 0.37621316811250705, 0.37614572862909157, 0.3760783281056523, 0.37601096665598904, 0.375943644396673, 0.3758763614470332, 0.37580911792914934, 0.37574191396783485, 0.37567474969062775, 0.3756076252277755, 0.37554054071222437, 0.3754734962796023, 0.37540649206820503, 0.3753395282189815, 0.375272604875518, 0.3752057221840229, 0.375138880293306, 0.37507207935476705, 0.3750053195223728, 0.3749386009526425, 0.3748719238046262, 0.37480528823988885, 0.37473869442248603, 0.3746721425189482, 0.37460563269825664, 0.37453916513182633, 0.3744727399934787, 0.37440635745942397, 0.37434001770823844, 0.37427372092083805, 0.3742074672804603, 0.3741412569726347, 0.3740750901851636, 0.37400896710809184, 0.3739428879336897, 0.373876852856419, 0.3738108620729129, 0.37374491578194763, 0.37367901418441435, 0.37361315748329604, 0.3735473458836357, 0.3734815795925116, 0.37341585881900896, 0.37335018377418916, 0.37328455467106336, 0.37321897172456225, 0.373153435151508, 0.3730879451705801, 0.37302250200229203, 0.37295710586895536, 0.37289175699465094, 0.3728264556051989, 0.372761201928125, 0.3726959961926325, 0.3726308386295652, 0.3725657294713815, 0.37250066895211614, 0.37243565730735406, 0.3723706947741899, 0.37230578159120276]",C0490
